{
    "ed": [
        194.41194486983156,
        412.635528330781,
        630.093415007657,
        849.08269525268,
        1067.3062787136294,
        1284.7641653905055,
        1502.9877488514549,
        1721.9770290964777,
        1940.2006125574273,
        2158.4241960183767,
        2376.6477794793263,
        2594.8713629402755,
        2813.094946401225,
        3032.084226646248,
        3249.542113323124,
        3467.7656967840735,
        3686.7549770290966,
        3904.9785604900458,
        4123.202143950995,
        4341.4257274119445,
        4559.649310872895,
        4777.107197549771,
        4995.33078101072,
        5213.554364471669,
        5431.777947932619,
        5650.001531393568,
        5868.990811638591,
        6086.4486983154675,
        6304.672281776417,
        6522.130168453293,
        6741.119448698316,
        6959.343032159265,
        7177.566615620214,
        7395.790199081164,
        7613.248085758039,
        7831.4716692189895,
        8050.460949464013,
        8269.450229709035,
        8487.673813169984,
        8705.897396630935,
        8924.120980091884,
        9142.344563552833,
        9361.333843797856,
        9579.557427258806,
        9797.781010719755,
        10016.770290964778,
        10235.759571209801,
        10453.98315467075,
        10672.972434915773,
        10891.196018376722
    ],
    "es": [
        64.24349157733538,
        282.46707503828486,
        500.69065849923436,
        718.1485451761102,
        934.0750382848393,
        1151.5329249617153,
        1369.7565084226646,
        1590.2771822358345,
        1809.2664624808576,
        2029.0214395099542,
        2247.2450229709034,
        2465.468606431853,
        2682.926493108729,
        2900.384379785605,
        3116.310872894334,
        3333.76875957121,
        3553.523736600306,
        3773.278713629403,
        3993.0336906584994,
        4212.022970903522,
        4431.012251148545,
        4648.470137825421,
        4865.162327718223,
        5081.854517611026,
        5297.781010719755,
        5516.004594180705,
        5735.759571209801,
        5955.514548238897,
        6174.50382848392,
        6393.493108728943,
        6611.7166921898925,
        6829.174578866769,
        7046.632465543645,
        7263.324655436447,
        7480.01684532925,
        7698.240428790199,
        7917.995405819295,
        8137.750382848392,
        8357.505359877488,
        8576.494640122512,
        8794.71822358346,
        9012.94180704441,
        9230.399693721287,
        9446.326186830016,
        9663.784073506891,
        9882.773353751914,
        10103.294027565084,
        10323.04900459418,
        10542.038284839204,
        10761.7932618683,
        10980.01684532925
    ]
}