{
    "ed": [
        126.05992912298825,
        446.2041952655345,
        767.1488220734373,
        1086.492727550627,
        1405.0362723624603,
        1721.9790958435815,
        2038.1215586593453,
        2355.0643821404665,
        2671.206844956231,
        2986.5489471066394,
        3301.8910492570476,
        3619.6342334035253,
        3937.377417550002,
        4257.521683692548,
        4578.466310500451,
        4896.209494646928,
        5213.152318128048,
        5533.296584270594,
        5854.241211078497,
        6174.385477221043,
        6490.527940036809,
        6812.272927510068,
        7131.616832987258,
        7455.762902456585,
        7785.511496583409,
        8112.0586480488055,
        8441.807242175628,
        8767.55403297567,
        9094.101184441066,
        9405.441483264693,
        9725.585749407239,
        10043.328933553716,
        10362.672839030905,
        10686.018547834878,
        11006.162813977424,
        11326.30708011997,
        11644.850624931805,
        11963.394169743638,
        12280.336993224759,
        12602.882341363373,
        12928.629132163416,
        13255.97664429417,
        13583.324156424922,
        13909.87130789032,
        14238.019180686428,
        14566.167053482539,
        14896.716008274718,
        15228.86568439761,
        15561.81572118586,
        15891.56431531268,
        16220.512548774146,
        16550.26114290097,
        16883.211179689217,
        17212.159413150683,
        17541.908007277507,
        17854.849027431846,
        18166.989686920828
    ],
    "es": [
        215.7003236429009,
        536.6449504508037,
        857.5895772587064,
        1176.1331220705397,
        1494.676666882373,
        1812.4198510288506,
        2128.5623138446153,
        2445.5051373257356,
        2760.847239476144,
        3075.3889809611956,
        3391.5314437769593,
        3710.0749885887944,
        4028.6185334006277,
        4347.9624388778175,
        4668.106705020364,
        4985.8498891668405,
        5303.593073313317,
        5624.53770012122,
        5944.681966263766,
        6263.225511075601,
        6580.968695222078,
        6902.713682695337,
        7221.257227507171,
        7549.40510030328,
        7876.752612434035,
        8204.100124564788,
        8534.649079356966,
        8860.395870157008,
        9186.943021622405,
        9494.281517119249,
        9814.425783261795,
        10132.969328073628,
        10452.313233550818,
        10776.459303020147,
        11095.803208497337,
        11415.947474639883,
        11734.491019451718,
        12053.834924928906,
        12370.777748410026,
        12694.923817879357,
        13020.670608679397,
        13348.818481475508,
        13676.16599360626,
        14003.513505737013,
        14331.661378533125,
        14660.60961199459,
        14990.358206121411,
        15322.507882244303,
        15655.457919032553,
        15985.206513159377,
        16314.154746620843,
        16643.903340747664,
        16976.853377535914,
        17305.00125033202,
        17634.749844458845,
        17945.289782617114
    ]
}