{
    "ed": [
        266.07987631653987,
        587.8248637897989,
        908.7694905977016,
        1228.913756740248,
        1551.4591048788632,
        1874.8048136828352,
        2198.950883152163,
        2525.4980346175603,
        2852.0451860829576,
        3178.592337548355,
        3502.738407017683,
        3828.485197817724,
        4155.832709948478,
        4478.3780580870925,
        4803.324488221778,
        5126.670197025749,
        5450.816266495077,
        5777.363417960474,
        6100.709126764446,
        6427.256278229844,
        6753.803429695241,
        7080.350581160638,
        7410.899535952817,
        7739.847769414283,
        8066.39492087968,
        8396.94387567186,
        8729.093551794751,
        9063.644309913712,
        9397.394707367317,
        9730.344744155565,
        10066.496223605238,
        10403.448063720269,
        10741.200264500654,
        11076.551383284972,
        11409.50142007322,
        11745.652899522895,
        12081.804378972567,
        12420.35694041831,
        12756.508419867983,
        13095.060981313727,
        13426.410296771262,
        13756.158890898085,
        14082.706042363481,
        14410.053554494236,
        14730.197820636782,
        15049.541726113972,
        15368.085270925805,
        15685.828455072282,
        16000.370196557335,
        16312.510856046316,
        16623.050794204588,
        16929.588929036076
    ],
    "es": [
        35.5760046939065,
        356.52063150180913,
        679.0659796404245,
        1000.0106064483273,
        1321.7555939215863,
        1644.3009420602016,
        1967.6466508641734,
        2291.7927203335016,
        2617.5395111335424,
        2944.887023264296,
        3271.434174729693,
        3595.5802441990213,
        3921.3270349990626,
        4247.87418646446,
        4570.419534603075,
        4899.367768064541,
        5220.312394872444,
        5542.857743011059,
        5868.6045338111,
        6194.351324611141,
        6518.497394080469,
        6847.445627541935,
        7177.1942216687585,
        7502.140651803443,
        7833.489967260978,
        8159.236758061019,
        8488.985352187841,
        8821.93538897609,
        9155.685786429694,
        9489.4361838833,
        9821.585860006191,
        10156.936978790507,
        10493.088458240181,
        10830.840659020569,
        11166.992138470241,
        11499.94217525849,
        11836.093654708164,
        12172.245134157836,
        12510.79769560358,
        12847.749535718609,
        13186.302097164353,
        13519.252133952601,
        13849.000728079423,
        14177.148600875533,
        14510.898998329138,
        14824.640379148834,
        15143.183923960667,
        15461.7274687725,
        15775.468849592196,
        16094.012394404028,
        16405.352693227655,
        16716.69299205128
    ]
}