{
    "ed": [
        384.0258203435278,
        813.6650344552891,
        1257.907370334713,
        1693.695267296016,
        2113.3428717772713,
        2514.5444277099014,
        2888.076910819589,
        3247.006272161616,
        3599.0183652979067,
        3967.9393362704395,
        4316.8770879819585,
        4680.417961461142,
        5054.719029927022,
        5425.945756968134,
        5799.478240077822,
        6176.853649968474,
        6555.766230571513,
        6940.827494024095,
        7318.202903914746,
        7691.735387024437,
        8044.51606551692,
        8379.619280816969,
        8711.648154692248,
        9044.445613923719,
        9371.09439030565,
        9694.668825262808,
        10027.46628449428,
        10366.412426575294,
        10712.275836862042,
        11050.453393586864,
        11381.71368210595,
        11716.048312049807,
        12051.920112706051,
        12386.254742649908,
        12713.672104388028,
        13038.015124701382,
        13364.66390108331,
        13698.998531027166,
        14033.333160971026,
        14372.279303052037,
        14717.374127982595
    ],
    "es": [
        50.45977575586221,
        487.784843429552,
        916.6554721851207,
        1361.6663934207372,
        1796.6857050258477,
        2215.5647241509105,
        2615.9976947273462,
        2988.7615924808433,
        3346.922368466676,
        3698.9344616029666,
        4067.8554325754994,
        4416.024598930826,
        4779.5654724100095,
        5154.635126232084,
        5525.861853273194,
        5900.162921739076,
        6278.306916985921,
        6656.450912232765,
        7042.28076104154,
        7419.656170932194,
        7793.957239398074,
        8145.969332534365,
        8481.072547834414,
        8813.101421709696,
        9145.898880941168,
        9471.779071966903,
        9795.35350692406,
        10128.150966155532,
        10467.097108236547,
        10812.960518523298,
        11150.369489891924,
        11481.62977841101,
        11816.732993711059,
        12152.604794367304,
        12486.93942431116,
        12814.356786049284,
        13137.931221006442,
        13464.57999738837,
        13798.91462733223,
        14133.249257276086,
        14472.1953993571,
        14817.290224287655
    ]
}