{
    "ed": [
        6.513677811550153,
        282.34954407294833,
        555.9057750759879,
        829.4620060790273,
        1103.018237082067,
        1377.3343465045593,
        1652.4103343465047,
        1930.5258358662613,
        2204.082066869301,
        2476.8784194528876
    ],
    "es": [
        114.4164133738602,
        388.7325227963526,
        662.2887537993921,
        937.3647416413373,
        1210.920972644377,
        1485.9969604863222,
        1761.0729483282676,
        2036.9088145896658,
        2310.4650455927053,
        2584.781155015198
    ]
}