{
    "ed": [
        3.474164133738604,
        332.5015197568389,
        658.4893617021277,
        982.9574468085107,
        1305.9057750759878,
        1634.1732522796353,
        1960.920972644377,
        2286.148936170213,
        2609.09726443769,
        2934.325227963526,
        3261.0729483282676,
        3589.340425531915,
        3913.808510638298,
        4236.756838905775
    ],
    "es": [
        124.29483282674772,
        450.2826747720365,
        775.5106382978723,
        1102.258358662614,
        1427.4863221884498,
        1754.2340425531916,
        2078.7021276595747,
        2403.93009118541,
        2728.3981762917933,
        3055.145896656535,
        3381.8936170212764,
        3707.1215805471124,
        4031.5896656534956,
        4356.057750759878
    ]
}