{
    "ed": [
        4.993920972644375,
        322.6231003039514,
        637.2127659574468,
        951.0425531914893,
        1264.112462006079,
        1577.9422492401216,
        1893.29179331307,
        2144.8115501519756,
        2525.5106382978724,
        2839.340425531915,
        3151.6504559270516,
        3467.0,
        3782.3495440729484,
        4096.179331306991,
        4409.24924012158
    ],
    "es": [
        120.49544072948328,
        435.0851063829787,
        749.6747720364741,
        1065.0243161094224,
        1378.854103343465,
        1693.4437689969604,
        2007.273556231003,
        2251.954407294833,
        2638.7325227963524,
        2953.322188449848,
        3267.9118541033436,
        3581.741641337386,
        3894.0516717325227,
        4208.641337386019,
        4523.231003039514
    ]
}