{
    "ed": [
        235.99696048632217,
        482.95744680851067,
        728.3981762917933,
        973.838905775076,
        1219.2796352583587,
        1465.4802431610942,
        1710.920972644377,
        1957.8814589665653,
        2204.082066869301,
        2450.2826747720364,
        2695.723404255319,
        2940.404255319149,
        3186.6048632218844,
        3431.285714285714,
        3678.2462006079027,
        3924.446808510638,
        4170.647416413374,
        4416.848024316109
    ],
    "es": [
        90.86018237082067,
        335.54103343465044,
        581.741641337386,
        828.7021276595744,
        1075.662613981763,
        1321.1033434650456,
        1567.303951367781,
        1812.7446808510638,
        2057.425531914894,
        2303.6261398176293,
        2550.586626139818,
        2797.547112462006,
        3042.227963525836,
        3288.4285714285716,
        3533.1094224924013,
        3777.790273556231,
        4023.9908814589667,
        4271.711246200608,
        4517.911854103343
    ]
}