{
    "ed": [
        140.73667021674657,
        435.3800688236896,
        730.0234674306328,
        1024.6668660375758,
        1321.600239245091,
        1618.5336124526061,
        1916.993635393836,
        2215.453658335066,
        2514.677006143153,
        2815.4270036849553,
        3115.4136763599,
        3415.400349034844,
        3713.860371976074,
        4012.320394917304,
        4309.2537681248195,
        4606.187141332334,
        4900.8305399392775,
        5194.710613679363,
        5486.3007128188765,
        5776.364162224676,
        6064.137637029902,
        6349.621137234557,
        6634.341312572355,
        6916.008188442722,
        7195.385089712518,
        7472.472016381742,
        7746.505643583536,
        8018.249296184758,
        8289.99294878598,
        8559.44662678663,
        8828.136979920422,
        9095.3006833205,
        9361.70106185372,
        9626.574790653227,
        9889.15854485216,
        10150.215649317379,
        10408.982779182026,
        10666.986584179816,
        10924.227064310748,
        11179.940894707966,
        11434.891400238326,
        11690.605230635543,
        11944.792411299046,
        12198.216267095691,
        12451.640122892337
    ],
    "es": [
        235.38895370705995,
        529.2690274471456,
        823.9124260540887,
        1118.5558246610317,
        1413.962548134832,
        1710.1325964754901,
        2007.0659696830053,
        2304.7626677573776,
        2603.9860155654646,
        2903.9726882404093,
        3203.196036048497,
        3503.1827087234415,
        3801.6427316646714,
        4100.102754605901,
        4397.036127813416,
        4693.969501020932,
        4988.612899627875,
        5282.49297336796,
        5574.083072507474,
        5864.90984678013,
        6151.156671851642,
        6437.403496923154,
        6721.360347394094,
        7003.790548131319,
        7283.167449401115,
        7561.017700937196,
        7835.8146530058475,
        8108.321630473927,
        8379.301958208292,
        8647.992311342085,
        8916.682664475877,
        9183.846367875954,
        9449.483421542318,
        9714.357150341824,
        9976.1775796739,
        10237.234684139119,
        10496.001814003766,
        10754.005619001555,
        11009.719449398774,
        11265.43327979599,
        11520.38378532635,
        11776.097615723567,
        12029.521471520213,
        12283.708652183715,
        12535.605858246647
    ]
}