{
    "ed": [
        370.13249752440447,
        768.9175860669934,
        1166.1599856790504,
        1558.0029740342443,
        1970.672262951624,
        2391.0549965216646,
        2830.7213417233584,
        3261.1315533418588,
        3693.8557983561577,
        4104.982398343005,
        4514.56630939932,
        4931.09232064303,
        5338.362198303546,
        5731.747875589273,
        6115.877419291805,
        6495.378896202741,
        6867.938272926282,
        7236.640927323492,
        7610.742992977564,
        7980.988336305307,
        8355.861746424647,
        8726.878434217655,
        9084.010921635872,
        9433.42996440143,
        9780.534973771188,
        10123.783260814616,
        10470.116925719109,
        10807.965801505674,
        11143.50064389644,
        11474.407419495608,
        11800.686128303181,
        12128.507526041287,
        12446.301445730933,
        12763.324020955311,
        13080.346596179692,
        13401.225893730401,
        13726.733258072709,
        14055.32600027608
    ],
    "es": [
        89.36311216753313,
        475.8066892658642,
        875.3631222737195,
        1273.3768663510425,
        1665.2198547062362,
        2077.889143623616,
        2498.2718771936566,
        2937.1668779300844,
        3366.034400618052,
        3797.987301167085,
        4208.342556688666,
        4617.155123279716,
        5033.6811345234255,
        5440.179667718676,
        5832.022656073869,
        6216.152199776402,
        6594.882332222072,
        6966.6703644803465,
        7334.601674412291,
        7707.932395601098,
        8078.17773892884,
        8453.051149048179,
        8823.296492375921,
        9179.657635328873,
        9529.07667809443,
        9876.181687464188,
        10219.429974507617,
        10564.992294946842,
        10902.841170733407,
        11237.604668658907,
        11568.511444258076,
        11894.790153065649,
        12221.84020633849,
        12544.262192819731,
        12865.14149037044,
        13182.935410060087,
        13506.128741006594,
        13830.864760883636
    ]
}