{
    "ed": [
        108.60244648318042,
        278.3272171253823,
        448.05198776758414,
        617.7767584097859,
        787.5015290519877,
        957.2262996941895,
        1126.9510703363915,
        1297.440366972477,
        1467.165137614679,
        1637.6544342507646,
        1807.3792048929663,
        1976.3394495412845,
        2146.064220183486,
        2315.788990825688,
        2485.5137614678897,
        2655.238532110092,
        2824.9633027522937,
        2994.6880733944954,
        3165.177370030581,
        3334.902140672783,
        3504.6269113149847,
        3673.587155963303,
        3843.3119266055046,
        4013.0366972477063,
        4181.9969418960245,
        4351.721712538227,
        4521.446483180428,
        4691.17125382263
    ],
    "es": [
        30.620795107033643,
        198.8165137614679,
        370.0703363914373,
        540.559633027523,
        711.0489296636085,
        881.5382262996942,
        1052.0275229357799,
        1220.9877675840978,
        1391.4770642201836,
        1560.4373088685015,
        1728.633027522936,
        1897.5932721712538,
        2068.847094801223,
        2238.571865443425,
        2409.8256880733943,
        2579.5504587155965,
        2749.2752293577983,
        2919.0,
        3088.7247706422017,
        3256.920489296636,
        3425.1162079510705,
        3594.840978593272,
        3765.330275229358,
        3935.8195718654433,
        4106.308868501529,
        4276.033639143731,
        4445.758409785933,
        4615.483180428135
    ]
}