{
    "ed": [
        106.61963190184048,
        287.60122699386505,
        471.6503067484663,
        658.0,
        847.4171779141104,
        1039.1349693251534,
        1233.153374233129,
        1428.7055214723925,
        1625.7914110429447,
        1822.877300613497,
        2017.6625766871166,
        2210.9141104294476,
        2403.398773006135,
        2593.5828220858893,
        2783.0,
        2970.883435582822,
        3158.7668711656443,
        3346.6503067484664,
        3532.2331288343557,
        3717.0490797546013,
        3901.0981595092026,
        4085.1472392638034,
        4268.429447852761,
        4451.711656441717,
        4634.226993865031
    ],
    "es": [
        26.09815950920246,
        206.31288343558282,
        389.5950920245399,
        575.1779141104295,
        763.8282208588957,
        954.0122699386502,
        1146.4969325153374,
        1340.515337423313,
        1536.0674846625766,
        1732.3865030674847,
        1928.7055214723925,
        2124.2576687116566,
        2318.276073619632,
        2509.993865030675,
        2700.9447852760736,
        2888.8282208588957,
        3077.478527607362,
        3263.0613496932515,
        3449.411042944785,
        3635.760736196319,
        3820.5766871165642,
        4005.3926380368102,
        4190.208588957055,
        4373.490797546012,
        4556.006134969325
    ]
}