{
    "ed": [
        412.3004622496148,
        826.7842835130971,
        1242.0385208012326,
        1664.2265023112482,
        2092.57781201849,
        2514.7657935285056,
        2931.5608628659475,
        3350.66718027735,
        3779.0184899845917,
        4200.436055469954,
        4616.460708782743,
        5034.026194144838
    ],
    "es": [
        124.16486902927582,
        542.5007704160247,
        959.2958397534669,
        1374.5500770416024,
        1798.2788906009246,
        2223.5485362095533,
        2645.7365177195684,
        3064.842835130971,
        3483.9491525423728,
        3911.5300462249616,
        4330.636363636364,
        4748.201848998459,
        5166.537750385208
    ]
}