{
    "ed": [
        404.1165644171779,
        812.0920245398773,
        1221.601226993865,
        1639.5460122699387,
        2061.325153374233,
        2475.435582822086,
        2885.711656441718
    ],
    "es": [
        125.74233128834356,
        537.5521472392638,
        947.0613496932515,
        1356.5705521472394,
        1776.0490797546013,
        2195.527607361963,
        2608.871165644172,
        3020.680981595092
    ]
}