{
    "ed": [
        156.97999659022025,
        406.7916046363898,
        655.8126696191248,
        905.6242776652944,
        1156.2264287749058,
        1406.0380368210754,
        1656.6401879306868,
        1906.4517959768564,
        2155.4728609595913,
        2406.0750120691955,
        2655.0960770519305,
        2904.9076850981073,
        3154.7192931442696,
        3403.7403581270046,
        3653.5519661731814,
        3903.3635742193437,
        4153.175182265521,
        4398.243531931061,
        4648.055139977238,
        4896.285661896531,
        5146.0972699427075,
        5394.327791862001,
        5644.929942971605,
        5891.579378764029,
        6139.019357619894,
        6388.040422602629,
        6637.061487585364,
        6886.873095631527,
        7136.6847036777035,
        7386.49631172388,
        7635.517376706601,
        7885.328984752778
    ],
    "es": [
        5.9862714737028,
        255.79787951987237,
        504.81894450260734,
        753.8400094853423,
        1003.6516175315119,
        1253.4632255776887,
        1502.4842905604164,
        1752.2958986065933,
        2002.1075066527628,
        2251.1285716354905,
        2500.9401796816674,
        2750.751787727844,
        3000.5633957740065,
        3250.3750038201833,
        3500.1866118663456,
        3749.9982199125225,
        4000.6003710221266,
        4249.621436004862,
        4496.2708717972855,
        4746.082479843462,
        4994.313001762755,
        5243.33406674549,
        5493.145674791653,
        5742.166739774388,
        5989.606718630253,
        6238.627783612988,
        6487.648848595723,
        6737.460456641886,
        6987.2720646880625,
        7237.083672734239,
        7486.10473771696,
        7735.125802699695,
        7984.14686768243
    ]
}