{
    "ed": [
        288.42857142857144,
        590.8095238095239,
        893.1904761904761,
        1193.984126984127,
        1495.5714285714287,
        1797.952380952381,
        2099.5396825396824,
        2399.5396825396824,
        2700.3333333333335,
        3000.3333333333335,
        3301.9206349206347,
        3603.5079365079364,
        3905.095238095238,
        4205.0952380952385,
        4505.0952380952385
    ],
    "es": [
        105.88888888888889,
        407.4761904761905,
        710.6507936507936,
        1013.8253968253969,
        1316.2063492063492,
        1617.0,
        1918.5873015873017,
        2217.7936507936506,
        2520.1746031746034,
        2821.7619047619046,
        3122.5555555555557,
        3421.7619047619046,
        3723.3492063492063,
        4023.3492063492063,
        4325.730158730159,
        4626.523809523809
    ]
}