{
    "ed": [
        290.5759493670886,
        592.0,
        894.2151898734177,
        1198.012658227848,
        1501.8101265822784,
        1804.0253164556962,
        2106.240506329114,
        2407.6645569620255,
        2711.4620253164558,
        3016.0506329113923,
        3319.0569620253164,
        3621.272151898734,
        3922.6962025316457,
        4224.911392405063
    ],
    "es": [
        106.24050632911391,
        410.0379746835443,
        713.8354430379746,
        1016.8417721518988,
        1319.8481012658228,
        1620.4810126582279,
        1922.6962025316457,
        2226.493670886076,
        2530.2911392405063,
        2833.2974683544303,
        3136.3037974683543,
        3436.1455696202534,
        3739.9430379746836,
        4044.53164556962,
        4346.7468354430375
    ]
}