{
    "ed": [
        43.92307692307692,
        343.15384615384613,
        643.1538461538462,
        943.1538461538462,
        1243.1538461538462,
        1542.3846153846155,
        1839.3076923076924,
        2135.4615384615386,
        2433.923076923077,
        2733.923076923077,
        3033.153846153846,
        3331.6153846153848,
        3629.3076923076924,
        3925.4615384615386,
        4221.615384615385,
        4520.076923076923,
        4818.538461538462,
        5117.7692307692305,
        5415.461538461538,
        5713.153846153846,
        6007.7692307692305,
        6304.692307692308,
        6603.153846153846,
        6902.384615384615,
        7200.846153846154,
        7499.307692307692,
        7796.2307692307695,
        8090.846153846154,
        8388.538461538461,
        8687.76923076923,
        8986.23076923077,
        9284.692307692309,
        9583.153846153846,
        9879.307692307691,
        10174.692307692309,
        10472.384615384615,
        10771.615384615385,
        11070.076923076924,
        11368.538461538461,
        11666.23076923077,
        11961.615384615385,
        12257.76923076923,
        12556.23076923077,
        12855.461538461539,
        13153.923076923076,
        13451.615384615385,
        13749.307692307691,
        14043.923076923076,
        14639.307692307691,
        15247.0,
        15549.307692307691,
        15775.461538461539,
        16070.846153846154,
        16292.384615384615
    ],
    "es": [
        160.84615384615384,
        460.0769230769231,
        760.8461538461538,
        1062.3846153846155,
        1362.3846153846155,
        1660.8461538461538,
        1957.7692307692307,
        2253.923076923077,
        2552.3846153846152,
        2852.3846153846152,
        3152.3846153846152,
        3450.846153846154,
        3747.769230769231,
        4043.923076923077,
        4339.307692307692,
        4638.538461538462,
        4937.7692307692305,
        5237.0,
        5535.461538461538,
        5830.846153846154,
        6126.2307692307695,
        6422.384615384615,
        6721.615384615385,
        7021.615384615385,
        7320.076923076923,
        7618.538461538462,
        7914.692307692308,
        8209.307692307691,
        8506.23076923077,
        8806.23076923077,
        9105.461538461539,
        9403.923076923076,
        9701.615384615385,
        9997.76923076923,
        10292.384615384615,
        10590.846153846154,
        10890.076923076924,
        11189.307692307691,
        11487.76923076923,
        11783.923076923076,
        12080.076923076924,
        12375.461538461539,
        12673.923076923076,
        12973.923076923076,
        13273.153846153846,
        13570.846153846154,
        13867.0,
        14161.615384615385,
        14760.076923076924,
        14900.076923076924,
        15370.076923076924,
        15669.307692307691,
        15868.538461538461,
        15982.384615384615,
        16160.846153846154
    ]
}