{
    "ed": [
        89.1405690611754,
        347.6771954816632,
        606.213821902151,
        863.9296971276532,
        1121.6455723531553,
        1378.5406963836717,
        1635.4358204141884,
        1893.1516956396904,
        2150.046819670207,
        2406.121192505738,
        2809.93078043869
    ],
    "es": [
        200.76273157922725,
        459.2993579997151,
        717.0152332252172,
        974.7311084507194,
        1232.4469836762216,
        1489.342107706738,
        1746.2372317372544,
        2003.132355767771,
        2260.0274797982875,
        2518.564106218775,
        2911.703928616914
    ]
}