{
    "ed": [
        250.2432050415486,
        512.8835874369648,
        776.3447210273666,
        1037.3436010328114,
        1300.8047346232133,
        1562.624365823644,
        1823.6232458290888,
        2086.263628224505,
        2349.7247618149067,
        2611.5443930153374,
        2874.1847754107534,
        3137.6459090011554,
        3401.1070425915573,
        3665.388927376945,
        3928.0293097723606,
        4191.490443362763,
        4454.9515769531645,
        4717.591959348581,
        4982.694595328954,
        5245.33497772437,
        5498.9470969749445,
        5762.4082305653465,
        6025.0486129607625,
        6292.613502526093,
        6557.7161385064655,
        6824.46027687681,
        7091.204415247155,
        7357.127802422514,
        7623.0511895978725
    ],
    "es": [
        102.50798994412702,
        361.04461636461485,
        627.7887547349594,
        889.6083859353898,
        1152.2487683308061,
        1414.8891507262224,
        1675.8880307316672,
        1937.7076619320978,
        2201.1687955224997,
        2464.629929112901,
        2728.091062703303,
        2992.372947488691,
        3259.1170858590353,
        3525.86122422938,
        3790.9638602097534,
        4056.8872473851125,
        4321.989883365485,
        4588.73402173583,
        4850.553652936261,
        5115.6562889166335,
        5378.2966713120495,
        5613.031513077953,
        5869.105885913484,
        6131.7462683089,
        6396.0281530942875,
        6661.951540269646,
        6928.6956786399915,
        7196.260568205322,
        7462.18395538068,
        7728.928093751025
    ]
}