{
    "ed": [
        177.7975460122699,
        378.717791411043,
        579.638036809816,
        781.3251533742332,
        982.2453987730062,
        1183.9325153374234,
        1385.6196319018404,
        1586.5398773006134,
        1786.693251533742,
        1987.6134969325153,
        2188.5337423312885,
        2390.2208588957055,
        2591.1411042944787,
        2792.0613496932515,
        2994.5153374233128,
        3196.20245398773,
        3396.3558282208587,
        3597.276073619632,
        3798.196319018405,
        3999.883435582822,
        4200.803680981595,
        4402.490797546012,
        4604.17791411043,
        4806.631901840491,
        5007.552147239264,
        5207.705521472392,
        5408.625766871166,
        5610.312883435583,
        5811.233128834356,
        6012.920245398773,
        6214.60736196319,
        6417.061349693252,
        6617.981595092025,
        6818.134969325153,
        7019.055214723926,
        7219.9754601227,
        7421.662576687117,
        7622.582822085889,
        7823.503067484662,
        8025.957055214723,
        8226.877300613496,
        8427.030674846626,
        8627.9509202454,
        8828.871165644172,
        9029.791411042945,
        9230.711656441717,
        9431.63190184049,
        9633.319018404907,
        9835.006134969326,
        10035.159509202455,
        10235.312883435583,
        10436.233128834356,
        10637.153374233128,
        10838.073619631901,
        11038.993865030674,
        11239.914110429449,
        11441.601226993866,
        11641.754601226994,
        11841.907975460123,
        12042.828220858895,
        12243.748466257668,
        12444.668711656443,
        12645.588957055215,
        12846.509202453988
    ],
    "es": [
        84.23926380368096,
        284.3926380368098,
        486.079754601227,
        687.7668711656443,
        889.4539877300613,
        1091.1411042944785,
        1291.2944785276075,
        1491.4478527607362,
        1692.3680981595094,
        1893.2883435582821,
        2094.9754601226996,
        2295.8957055214723,
        2497.5828220858893,
        2699.269938650307,
        2900.1901840490796,
        3101.1104294478528,
        3301.2638036809817,
        3502.1840490797545,
        3703.871165644172,
        3905.558282208589,
        4107.245398773006,
        4308.932515337423,
        4510.619631901841,
        4710.773006134969,
        4910.926380368098,
        5112.613496932516,
        5313.5337423312885,
        5515.2208588957055,
        5716.9079754601225,
        5918.59509202454,
        6121.049079754601,
        6321.20245398773,
        6521.355828220859,
        6722.2760736196315,
        6923.196319018405,
        7124.883435582822,
        7326.570552147239,
        7528.257668711656,
        7729.944785276074,
        7930.865030674846,
        8131.018404907976,
        8331.171779141105,
        8532.092024539877,
        8733.779141104294,
        8934.699386503067,
        9136.386503067484,
        9337.306748466257,
        9538.993865030674,
        9738.38036809816,
        9938.533742331289,
        10139.453987730061,
        10341.141104294478,
        10542.061349693251,
        10743.748466257668,
        10944.668711656443,
        11146.35582822086,
        11346.509202453988,
        11545.895705521472,
        11746.0490797546,
        11946.969325153374,
        12148.65644171779,
        12349.576687116565,
        12551.263803680982,
        12752.184049079755,
        12953.104294478528
    ]
}