{
    "ed": [
        189.7975460122707,
        390.71779141104344,
        591.6380368098162,
        793.3251533742332,
        994.245398773006,
        1194.3987730061344,
        1395.3190184049072,
        1595.4723926380375,
        1797.1595092024545,
        1998.0797546012273,
        2199.0,
        2400.687116564419
    ],
    "es": [
        93.93865030674897,
        295.625766871166,
        496.54601226993873,
        698.2331288343557,
        897.61963190184,
        1097.7730061349685,
        1298.693251533743,
        1500.38036809816,
        1702.067484662577,
        1903.754601226994,
        2104.674846625767,
        2307.12883435583,
        2507.2822085889566
    ]
}