{
    "ed": [
        179.74961597542242,
        517.6912442396314,
        856.4009216589861,
        1195.878648233487,
        1533.8202764976959,
        1870.9938556067589,
        2208.167434715822,
        2546.8771121351765,
        2886.3548387096776,
        3225.064516129032,
        3563.0061443932414,
        3900.179723502304,
        4237.353302611367,
        4576.0629800307215
    ],
    "es": [
        305.7096774193548,
        645.1874039938556,
        986.9692780337941,
        1327.215053763441,
        1665.9247311827958,
        2000.026113671275,
        2334.127496159754,
        2674.3732718894007,
        3016.9231950844855,
        3357.168970814132,
        3695.1105990783412,
        4028.4439324116743,
        4363.3133640553,
        4704.327188940092
    ]
}