{
    "ed": [
        319.22052067381316,
        655.3614088820827,
        992.2679938744257,
        1328.4088820826953,
        1663.7840735068912,
        1998.3935681470139,
        2333.0030627871365,
        2668.378254211332,
        3005.2848392036753,
        3342.1914241960185,
        3677.566615620214,
        4012.9418070444103,
        4347.5513016845325,
        4684.457886676876,
        5022.130168453293,
        5359.802450229709,
        5697.474732006125,
        6034.381316998469
    ],
    "es": [
        116.31087289433384,
        446.32618683001533,
        783.9984686064319,
        1123.2021439509954,
        1460.874425727412,
        1797.781010719755,
        2129.3277182235834,
        2460.1087289433385,
        2797.0153139356817,
        3136.9846860643183,
        3474.656967840735,
        3811.563552833078,
        4143.87595712098,
        4475.422664624809,
        4813.860643185299,
        5153.830015313935,
        5493.799387442573,
        5832.237366003063
    ]
}