{
    "ed": [
        111.31720890162902,
        425.36698201478475,
        737.8346404019296,
        1051.8844135150853,
        1367.516301354252,
        1681.5660744674076,
        1998.7800770325848,
        2314.4119648717515,
        2607.894246546766,
        2944.884683187079,
        3263.6808004782674
    ],
    "es": [
        230.76687071544893,
        543.2345291025938,
        856.493244852744,
        1170.5430179658997,
        1486.1749058050664,
        1800.224678918222,
        2116.647624120394,
        2433.070569322566,
        2713.895933189494,
        3064.3343450008992
    ]
}