{
    "ed": [
        107.8300505967517,
        426.59392809020756,
        741.4029187661267,
        1061.7487509865973,
        1385.258492661097,
        1707.9772569720897,
        2031.4869986465897,
        2356.578695048104,
        2687.2072329941698,
        3021.7906577577724,
        3351.628218340331,
        3679.8838241958747,
        4007.348452687911
    ],
    "es": [
        227.26763248635922,
        546.8224873433225,
        860.8405006557342,
        1181.1863328762047,
        1504.6960745507047,
        1827.414838861697,
        2150.1336031726896,
        2476.807254301219,
        2807.4357922472846,
        3141.2282396473797,
        3471.0658002299383,
        3800.1123834489895,
        4126.786034577519
    ]
}