{
    "ed": [
        205.81965729277,
        458.2062593653791,
        721.845767262881,
        983.8777171853999,
        1246.7134460954094,
        1500.7076061430016,
        1736.2148494782705,
        2007.8921472506954,
        2272.33543413569,
        2533.563605070718,
        2798.0068919557125,
        3064.8615158031826,
        3332.519918638147,
        3601.7858794480962,
        3872.6593982330305,
        4147.551811955425,
        4420.836667702835,
        4693.3177444627545,
        4965.798821222674,
        5233.457224057638,
        5501.115626892602,
        5766.362692765088,
        6031.609758637576,
        6297.660603497556,
        6566.926564307501,
        6843.426536004885,
        7122.33784466474,
        7401.249153324599,
        7676.945346034485,
        7938.173516969513,
        8184.933666129673,
        8429.282478327357,
        8690.510649262382,
        8960.580389059825,
        9221.80855999485,
        9473.391383079965,
        9722.562869202604,
        9971.734355325243,
        10218.494504485407,
        10475.70378048297,
        10736.931951417995,
        10997.356343365529,
        11257.78073531306,
        11518.205127260593,
        11777.021961233142,
        12037.446353180672,
        12297.870745128206,
        12557.491358088246,
        12817.91575003578,
        13079.947699958295,
        13344.39098684329,
        13608.834273728284,
        13875.688897575757,
        14143.347300410722,
        14412.613261220671,
        14663.392305318295,
        14932.658266128241,
        15203.531784913175,
        15463.95617686071,
        15730.81080070818,
        16002.488098480608,
        16272.557838278048,
        16541.020020100503,
        16809.48220192296,
        17078.74816273291,
        17352.83679746781,
        17626.925432202715,
        17898.602729975144,
        18168.67246977258,
        18436.33087260755,
        18701.577938480033,
        18967.628783340013,
        19231.268291237517,
        19494.104020147526,
        19757.74352804503,
        20018.97169898005,
        20277.788532952603,
        20539.016703887624,
        20800.244874822652,
        21059.865487782692,
        21320.289879730226,
        21575.087818765307,
        21823.455525900456,
        22073.430791010585
    ],
    "es": [
        40.24118586933946,
        291.0202299669636,
        547.4257269770333,
        811.065234874537,
        1072.2934058095616,
        1335.9329137070636,
        1582.6930628672271,
        1823.0229801274472,
        2093.8964989123815,
        2359.1435647848703,
        2619.5679567324005,
        2884.8150226048892,
        3151.6696464523593,
        3419.3280492873237,
        3689.3977890847673,
        3959.4675288822073,
        4234.359942604602,
        4508.448577339506,
        4780.9296540994255,
        5053.410730859341,
        5321.8729126818,
        5587.923757541779,
        5853.974602401759,
        6119.221668274244,
        6384.4687341467325,
        6656.146031919157,
        6933.4497826040315,
        7212.361091263887,
        7491.272399923746,
        7766.9685926336315,
        8019.355194706241,
        8266.115343866404,
        8511.267935051583,
        8780.533895861532,
        9050.603635658972,
        9306.205353681551,
        9557.788176766666,
        9806.959662889305,
        10056.131149011944,
        10304.498856147093,
        10564.923248094623,
        10825.347640042157,
        11086.575810977181,
        11346.196423937221,
        11606.620815884755,
        11867.045207832289,
        12126.665820792328,
        12387.090212739862,
        12645.907046712407,
        12906.331438659941,
        13169.16716756995,
        13432.806675467455,
        13697.249962352449,
        13964.10458619992,
        14232.566768022374,
        14495.402496932384,
        14750.200435967472,
        15019.466396777421,
        15289.536136574861,
        15546.745412572425,
        15817.61893135736,
        16089.296229129784,
        16360.169747914719,
        16628.631929737174,
        16897.094111559632,
        17168.771409332057,
        17442.056265079467,
        17716.144899814368,
        17988.625976574287,
        18258.69571637173,
        18527.157898194186,
        18791.601185079184,
        19056.84825095167,
        19320.487758849173,
        19583.323487759182,
        19846.962995656686,
        20108.191166591707,
        20367.008000564252,
        20628.23617149928,
        20888.660563446814,
        21148.281176406854,
        21409.509347341875,
        21659.48461245201,
        21907.048540599666,
        22157.82758469729
    ]
}