{
    "ed": [
        414.2748123842631,
        848.2304158481327,
        1286.9287035028642,
        1731.1601227136011,
        2174.6010945591947,
        2615.6707243093574,
        3058.321248789807,
        3500.971773270257,
        3945.9936398461377,
        4388.644164326588,
        4829.71379407675,
        5267.621634366338,
        5708.691264116501,
        6145.018209675801,
        6580.554707869958,
        7017.6721007944025,
        7450.046809527984,
        7882.421518261566,
        8317.958016455723,
        8742.428251537869,
        9136.071039379412,
        9512.323985187793,
        9887.786483631033
    ],
    "es": [
        80.70602429363845,
        510.7093909317897,
        946.2458891259466,
        1385.7346241458217,
        1830.7564907217024,
        2274.197462567296,
        2715.2670923174587,
        3157.9176167979085,
        3600.5681412783583,
        4046.3804552193824,
        4488.240532334688,
        4928.519714719708,
        5368.008449739583,
        5809.868526854889,
        6252.519051335339,
        6693.588681085501,
        7133.077416105377,
        7568.6139142995335,
        8000.988623033116,
        8437.315568592416,
        8855.462224753412,
        9244.362328404093,
        9597.69230062331,
        9965.250325415112
    ]
}