{
    "ed": [
        276.0490797546012,
        573.5950920245399,
        870.3742331288344,
        1174.0552147239264,
        1481.5705521472394,
        1782.1840490797547,
        2079.730061349693,
        2374.9754601226996,
        2672.521472392638,
        2976.969325153374,
        3282.1840490797545,
        3582.030674846626,
        3880.3435582822085,
        4177.889570552147,
        4476.20245398773,
        4781.417177914111,
        5085.865030674847,
        5384.944785276074,
        5681.7239263803685,
        5977.736196319019,
        6276.815950920245,
        6582.0306748466255,
        6885.711656441717,
        7186.325153374233,
        7484.638036809816,
        7782.950920245399,
        8085.098159509203,
        8392.613496932516,
        8694.760736196318,
        8993.840490797545,
        9289.852760736196,
        9586.63190184049,
        9888.01226993865,
        10195.527607361963,
        10496.907975460123,
        10795.220858895706,
        11092.0,
        11390.312883435583,
        11692.460122699387,
        11999.9754601227,
        12300.588957055215,
        12599.668711656443,
        12897.21472392638,
        13193.993865030674,
        13495.374233128834,
        13802.889570552148,
        14103.503067484662,
        14402.58282208589
    ],
    "es": [
        100.43558282208588,
        399.5153374233129,
        696.2944785276073,
        992.3067484662577,
        1296.7546012269938,
        1604.2699386503068,
        1904.1165644171779,
        2202.429447852761,
        2498.441717791411,
        2794.4539877300613,
        3098.9018404907974,
        3404.883435582822,
        3703.963190184049,
        4002.276073619632,
        4299.82208588957,
        4598.134969325153,
        4904.116564417178,
        5207.79754601227,
        5506.877300613497,
        5803.6564417177915,
        6099.668711656442,
        6398.748466257669,
        6704.730061349694,
        7007.644171779141,
        7308.257668711656,
        7606.570552147239,
        7904.883435582822,
        8207.030674846626,
        8515.312883435583,
        8817.460122699387,
        9115.773006134968,
        9412.552147239263,
        9708.564417177915,
        10009.944785276073,
        10318.226993865032,
        10618.840490797545,
        10917.153374233128,
        11214.699386503067,
        11512.245398773006,
        11814.39263803681,
        12122.674846625767,
        12423.288343558283,
        12722.36809815951,
        13020.680981595093,
        13315.926380368099,
        13617.306748466257,
        13925.588957055215,
        14226.20245398773,
        14525.282208588957
    ]
}