{
    "ed": [
        192.6838905775076,
        410.00911854103344,
        627.3343465045592,
        844.6595744680851,
        1061.224924012158,
        1277.0303951367782,
        1492.8358662613982,
        1709.401215805471,
        1925.206686930091,
        2141.012158054711,
        2356.817629179331,
        2573.3829787234044,
        2787.6686930091187,
        3001.954407294833,
        3216.240121580547,
        3430.5258358662613,
        3644.8115501519756,
        3858.337386018237,
        4072.623100303951,
        4286.148936170212,
        4499.674772036474,
        4712.440729483283,
        4925.206686930092,
        5137.9726443769,
        5350.738601823708,
        5562.744680851064,
        5776.270516717325,
        5989.036474164133,
        6201.802431610942,
        6413.808510638298,
        6626.574468085107,
        6838.580547112462,
        7051.34650455927,
        7263.352583586626,
        7476.118541033435,
        7688.12462006079,
        7900.890577507599,
        8112.896656534955
    ],
    "es": [
        71.1033434650456,
        288.42857142857144,
        506.5136778115501,
        725.3586626139818,
        942.6838905775076,
        1157.7294832826747,
        1372.015197568389,
        1587.820668693009,
        1804.386018237082,
        2020.951367781155,
        2236.756838905775,
        2454.082066869301,
        2669.887537993921,
        2882.6534954407293,
        3096.1793313069907,
        3311.224924012158,
        3525.5106382978724,
        3740.5562310030396,
        3954.841945288754,
        4169.127659574468,
        4382.65349544073,
        4593.899696048632,
        4805.905775075988,
        5018.671732522796,
        5231.437689969604,
        5444.203647416413,
        5658.489361702128,
        5871.255319148936,
        6082.501519756839,
        6292.987841945289,
        6504.234042553191,
        6716.240121580548,
        6928.246200607903,
        7140.252279635259,
        7353.018237082067,
        7565.784194528876,
        7776.270516717325,
        7986.756838905775,
        8198.003039513678
    ]
}