{
    "ed": [
        315.46153846153845,
        643.9230769230769,
        971.6153846153846,
        1300.8461538461538,
        1629.3076923076924,
        1959.3076923076924,
        2287.769230769231,
        2615.4615384615386,
        2943.153846153846,
        3270.846153846154,
        3599.3076923076924,
        3929.3076923076924,
        4257.0,
        4584.692307692308,
        4911.615384615385,
        5239.307692307692
    ],
    "es": [
        110.07692307692307,
        438.53846153846155,
        766.2307692307693,
        1095.4615384615386,
        1425.4615384615386,
        1754.6923076923076,
        2083.153846153846,
        2410.076923076923,
        2737.769230769231,
        3066.230769230769,
        3395.4615384615386,
        3724.6923076923076,
        4053.153846153846,
        4380.076923076923,
        4706.2307692307695,
        5034.692307692308,
        5363.153846153846
    ]
}