{
    "ed": [
        267.4400662162707,
        540.094759680093,
        814.2942389425773,
        1090.0385040037233,
        1365.7827690648694,
        1634.575498032037,
        1901.0510483012122,
        2151.306347684437,
        2354.4456802084746,
        2559.129798531174,
        2785.44091803514,
        2991.669822156501,
        3268.9588730163096,
        3812.723474145292,
        4335.63346699234
    ],
    "es": [
        100.60319996078732,
        374.0302863239406,
        647.4573726870939,
        921.6568519495781,
        1196.6287241113932,
        1473.1453820718705,
        1741.938111039038,
        2008.4136613082128,
        2257.124174892776,
        2448.6776139268495,
        2661.8580541421893,
        2886.6243878474934,
        3088.9913274722,
        3370.9147357279935,
        3906.9554078636675,
        4424.458650415398
    ]
}