{
    "ed": [
        209.34453456183905,
        765.7936018660944,
        1323.7948283539044,
        1885.6764528006001,
        2447.5580772472963,
        3007.1114629186604,
        3565.8887689982475,
        4121.561756710726,
        4678.010824014981,
        5234.459891319237,
        5790.132879031715,
        6344.253707560639,
        6897.598456497786,
        7451.719285026709,
        7972.468691109214,
        8397.760307403121,
        8941.016021647165,
        9499.793327726751,
        10059.346713398116,
        10620.452258253034,
        11182.33388269973,
        11744.215507146426,
        12306.097131593122
    ],
    "es": [
        291.6089712902226,
        847.2819590027011,
        1404.5071058987337,
        1967.1648099372069,
        2529.0464343839026,
        3089.375899647044,
        3647.377126134854,
        4203.826193439109,
        4760.275260743365,
        5316.7243280476205,
        5872.3973157600985,
        6426.5181442890225,
        6979.862893226169,
        7533.983721755092,
        8053.95704824582,
        8478.472584947951,
        9024.832617559103,
        9582.057764455134,
        10141.611150126499,
        10702.716694981418,
        11264.598319428114,
        11826.47994387481,
        12388.361568321505
    ]
}