{
    "ed": [
        302.6374807987711,
        623.6820276497696,
        945.494623655914,
        1268.8433179723502,
        1591.4239631336407,
        1911.700460829493,
        2231.9769585253457,
        2553.021505376344,
        2874.0660522273424,
        3195.8786482334867,
        3518.4592933947774,
        3837.967741935484,
        4157.476190476191,
        4477.752688172043,
        4798.029185867896
    ],
    "es": [
        116.76958525345623,
        439.35023041474653,
        761.162826420891,
        1084.5115207373271,
        1406.3241167434717,
        1725.0645161290322,
        2046.1090629800306,
        2368.6897081413213,
        2689.7342549923196,
        3012.31490015361,
        3334.127496159754,
        3652.8678955453147,
        3972.3763440860216,
        4293.42089093702,
        4614.465437788019,
        4936.278033794163
    ]
}