{
    "ed": [
        247.7653054153027,
        631.5892254473995,
        1022.6248684028551,
        1431.2891673931877,
        1847.966491853919,
        2271.0542366909694,
        2695.744586622099,
        3119.6336340061894,
        3546.727891578439,
        3977.8286618858883,
        4404.121616911098,
        4833.619782124467,
        5273.534880449355,
        5713.4499787742425,
        6154.96768219321
    ],
    "es": [
        340.71640087192736,
        724.5403209040242,
        1114.7746613124398,
        1524.2402628498123,
        1940.9175873105437,
        2364.005332147594,
        2788.695682078724,
        3213.3860320098543,
        3640.4802895821035,
        4072.3823624365923,
        4498.6753174618025,
        4928.173482675172,
        5365.684673358939,
        5808.0036793249465,
        6247.117475102794
    ]
}