{
    "ed": [
        102.16293277795029,
        412.1630894305621,
        711.749804128435,
        996.1168728924588,
        1259.6570577470047,
        1506.3755286746648,
        1738.675387664994,
        1960.5618047005846,
        2175.2389157675098,
        2380.303618876214,
        2578.159016016253,
        2772.810277170219,
        2967.4615383241844,
        3174.1283094259256,
        3383.198182517222,
        3585.859783636371,
        3786.1182827659654,
        3985.575747899041,
        4184.232179035599,
        4384.490678165193,
        4586.351245287824,
        4789.012846406973,
        4990.072379533086,
        5193.5350146487535,
        5398.599717757458,
        5605.266488859199,
        5814.336361950495,
        6023.406235041792,
        6236.48127811568,
        6459.168729147789,
        6689.065486148563,
        6933.380855086668,
        7186.507597986475,
        7449.246748844503,
        7709.582797712975,
        7963.5105746093,
        8219.040419498662,
        8480.177502363653,
        8752.529061179901,
        9024.88061999615,
        9258.782546979515,
        9568.782703632127
    ],
    "es": [
        193.48080838104522,
        502.67993103713866,
        802.2666457350116,
        1084.2306125094804,
        1347.7707973640263,
        1592.8872002986495,
        1824.3860252924605,
        2045.4714083315325,
        2259.347485401939,
        2463.6111545141252,
        2659.8644836611275,
        2854.515744815093,
        3046.7639039795035,
        3254.2317090777633,
        3460.8984801795045,
        3664.361115295172,
        3863.818580428248,
        4063.2760455613234,
        4261.131442701363,
        4461.3899418309575,
        4663.250508953588,
        4865.1110760762185,
        5066.97164319885,
        5270.4342783145175,
        5475.498981423222,
        5682.165752524963,
        5890.434591619742,
        6100.305498707556,
        6314.181575777962,
        6536.869026810072,
        6769.168885800401,
        7015.086322731542,
        7269.815133624386,
        7533.3553184789325,
        7794.492401343923,
        8048.420178240249,
        8303.950023129612,
        8565.88813999112,
        8838.239698807369,
        9111.392291620135,
        9343.692150610465,
        9642.477831311819
    ]
}