{
    "ed": [
        246.03904914338636,
        496.27730817686097,
        746.5155672103356,
        996.7538262438102,
        1246.1976781057492,
        1496.4359371392238,
        1745.8797890011629,
        1996.1180480346375,
        2245.5618998965765,
        2495.800158930051,
        2745.244010791992,
        2995.4822698254666,
        3244.9261216874056,
        3495.16438072088,
        3783.5341839880275,
        4039.3332932222456,
        4287.188330741115,
        4537.42658977459,
        4787.664848808065,
        5037.903107841539,
        5287.346959703478,
        5537.585218736953
    ],
    "es": [
        83.97998615027882,
        335.80705952682274,
        586.839725731832,
        837.8723919368422,
        1088.9050581418505,
        1339.1433171753251,
        1589.3815762087997,
        1839.6198352422743,
        2089.0636871042134,
        2339.301946137688,
        2589.5402051711626,
        2839.778464204637,
        3089.2223160665762,
        3339.460575100051,
        3588.9044269619917,
        3877.274230229137,
        4130.690117948752,
        4380.928376982227,
        4631.166636015701,
        4881.404895049174,
        5131.643154082649,
        5381.881413116123,
        5632.119672149598
    ]
}