{
    "ed": [
        1.901365705614566,
        336.4992412746586,
        669.5796661608498,
        1001.1426403641881,
        1331.1881638846737,
        1665.0273141122914,
        1999.6251896813353,
        2331.9468892261,
        2662.7511380880123,
        2993.555386949924,
        3325.877086494689,
        3659.7162367223063,
        3993.555386949924,
        4325.118361153262
    ],
    "es": [
        129.36722306525039,
        461.6889226100152,
        793.2518968133536,
        1126.3323216995448,
        1457.8952959028832,
        1791.7344461305008,
        2124.814871016692,
        2455.619119878604,
        2787.940819423369,
        3120.2625189681335,
        3452.584218512898,
        3784.9059180576633,
        4117.986342943855,
        4450.308042488619
    ]
}