{
    "ed": [
        277.8728943338438,
        561.1807044410414,
        843.7228177641654,
        1127.7963246554364,
        1411.8698315467075,
        1695.9433384379786,
        1980.0168453292497,
        2263.3246554364473,
        2546.6324655436447,
        2829.1745788667686,
        3112.4823889739664,
        3397.321592649311,
        3681.395099540582,
        3965.468606431853,
        4248.776416539051,
        4532.849923430322,
        4816.15773353752
    ],
    "es": [
        124.73353751914243,
        408.8070444104135,
        692.8805513016845,
        977.7197549770291,
        1259.4961715160796,
        1542.8039816232772,
        1826.8774885145483,
        2110.9509954058194,
        2394.258805513017,
        2678.3323124042877,
        2963.1715160796325,
        3244.947932618683,
        3527.4900459418072,
        3811.563552833078,
        4095.6370597243495,
        4380.476263399693,
        4664.549770290965,
        4950.154670750383
    ]
}