{
    "ed": [
        228.24031007751938,
        508.08527131782944,
        787.1550387596899,
        1069.3255813953488,
        1353.046511627907,
        1635.9922480620155,
        1916.6124031007753,
        2195.6821705426355,
        2475.5271317829456,
        2754.5968992248063,
        3035.9922480620153,
        3319.7131782945735,
        3602.6589147286822,
        3884.0542635658917,
        4163.899224806201,
        4442.968992248062,
        4722.038759689923,
        5003.434108527132,
        5287.15503875969,
        5570.100775193799
    ],
    "es": [
        81.72868217054264,
        363.1240310077519,
        643.7441860465116,
        925.1395348837209,
        1205.7596899224807,
        1487.9302325581396,
        1769.3255813953488,
        2049.9457364341083,
        2329.7906976744184,
        2610.4108527131784,
        2891.8062015503874,
        3172.4263565891474,
        3454.5968992248063,
        3736.767441860465,
        4017.3875968992247,
        4298.007751937985,
        4577.077519379845,
        4858.472868217054,
        5139.868217054263,
        5422.038759689923,
        5703.434108527132
    ]
}