{
    "ed": [
        274.57341576506957,
        552.7805255023184,
        830.2148377125193,
        1107.6491499227202,
        1383.5378670788255,
        1661.744976816074,
        1943.0432766615147,
        2223.568778979907,
        2502.548686244204,
        2779.982998454405,
        3056.644513137558,
        3333.306027820711,
        3610.7403400309117,
        3890.4930448222567,
        4171.018547140649,
        4449.998454404946,
        4727.432766615147
    ],
    "es": [
        130.83307573415766,
        410.58578052550234,
        688.7928902627511,
        966.2272024729521,
        1243.661514683153,
        1522.6414219474498,
        1800.0757341576507,
        2079.0556414219473,
        2358.808346213292,
        2637.015455950541,
        2915.22256568779,
        3192.656877897991,
        3470.8639876352395,
        3749.0710973724886,
        4027.278207109737,
        4306.258114374034,
        4585.238021638331,
        4862.672333848532
    ]
}