{
    "ed": [
        317.7352941176471,
        650.8235294117648,
        985.3823529411765,
        1319.9411764705883,
        1653.764705882353,
        1987.5882352941176,
        2319.9411764705883,
        2653.764705882353,
        2988.323529411765,
        3322.1470588235293,
        3656.705882352941,
        3989.794117647059,
        4322.882352941177,
        4657.441176470588,
        4991.264705882353
    ],
    "es": [
        116.26470588235293,
        449.3529411764706,
        782.4411764705883,
        1117.735294117647,
        1452.2941176470588,
        1786.1176470588234,
        2119.205882352941,
        2451.5588235294117,
        2786.1176470588234,
        3120.676470588235,
        3455.235294117647,
        3788.323529411765,
        4120.676470588235,
        4454.5,
        4789.058823529412,
        5123.617647058823
    ]
}