{
    "ed": [
        303.7647058823529,
        600.8235294117648,
        938.3235294117648,
        1262.5882352941176,
        1586.1176470588234,
        1908.9117647058824,
        2205.970588235294,
        2543.470588235294,
        2867.735294117647,
        3190.529411764706,
        3514.0588235294117,
        3837.5882352941176,
        4133.911764705882,
        4471.411764705882,
        4796.411764705882
    ],
    "es": [
        112.58823529411765,
        436.11764705882354,
        729.5,
        1071.4117647058824,
        1394.2058823529412,
        1717.0,
        2039.794117647059,
        2333.9117647058824,
        2674.3529411764707,
        2998.6176470588234,
        3322.1470588235293,
        3645.676470588235,
        3968.470588235294,
        4261.117647058823,
        4603.029411764706,
        4928.029411764706
    ]
}