{
    "ed": [
        311.8529411764706,
        639.7941176470588,
        968.4705882352941,
        1297.1470588235295,
        1624.3529411764705,
        1951.5588235294117,
        2278.029411764706,
        2605.970588235294,
        2934.6470588235293
    ],
    "es": [
        119.20588235294119,
        446.4117647058824,
        774.3529411764706,
        1103.0294117647059,
        1431.7058823529412,
        1758.1764705882354,
        2085.3823529411766,
        2411.8529411764707,
        2740.529411764706,
        3068.470588235294
    ]
}