{
    "ed": [
        84.54348148768219,
        442.6362878030328,
        797.473704970062,
        1153.938816711252,
        1512.8454703136829,
        1872.5659712031943,
        2233.100319379786,
        2592.0069729822167,
        2958.2382521683708,
        3317.958753057882,
        3685.0038795311166,
        4043.096685846467,
        4410.955659606782,
        4777.1869387929355,
        5139.348981543688,
        5503.952566155682
    ],
    "es": [
        196.0405598176891,
        551.6918242717987,
        910.5984778742297,
        1264.6220477541785,
        1621.9010067824488,
        1980.80766038488,
        2341.342008561471,
        2700.2486621639023,
        3068.107635924217,
        3427.828136813728,
        3795.687110574043,
        4152.966069602313,
        4520.011196075548,
        4886.242475261702,
        5245.962976151213,
        5610.566560763206
    ]
}