{
    "ed": [
        339.3377854681405,
        677.8982568935629,
        1027.85259033811,
        1370.4822981989341,
        1719.622784356401,
        2063.8801867913858,
        2409.7652838005315,
        2758.905769957998,
        3104.7908669671438,
        3452.3036585504497,
        3800.630297420836,
        4149.770783578303,
        4500.538964309931,
        4849.679450467397,
        5177.659907160775,
        5544.70503363401,
        5894.659367078557,
        6239.730616800623,
        6589.68495024517,
        6942.080825550957,
        7293.6628535696655,
        7649.314118023775
    ],
    "es": [
        104.13591950192159,
        443.51023821442436,
        790.2091825106502,
        1135.2804322327152,
        1479.5378346677,
        1829.4921681122473,
        2172.935723260152,
        2518.820820269297,
        2868.7751537138442,
        3214.66025072299,
        3558.9176531579747,
        3903.98890288004,
        4251.501694463346,
        4601.456027907893,
        4945.7134303428775,
        5274.507734323336,
        5646.435944519053,
        5991.507194241118,
        6342.275374972745,
        6697.112792139775,
        7050.322514732643,
        7406.787626473833,
        7746.975792473416
    ]
}