{
    "ed": [
        68.96836342928998,
        353.53532486210884,
        641.1621460952807,
        928.7889673284524,
        1217.4357418284085,
        1511.182282662286,
        1805.948776762948,
        2101.7352241303943,
        2396.501718231056,
        2694.3280721320707,
        2990.114519499517,
        3287.9408734005315,
        3583.7273207679777,
        3886.653441002914,
        4188.559607971066
    ],
    "es": [
        171.98364337450397,
        456.5506048073229,
        744.1774260404947,
        1031.8042472736665,
        1320.4510217736226,
        1614.1975626075002,
        1908.964056708162,
        2204.750504075608,
        2500.5369514430545,
        2798.363305344069,
        3093.129799444731,
        3391.97610661253,
        3687.762553979976,
        3990.6886742149127,
        4292.594841183064
    ]
}