{
    "ed": [
        243.15384615384613,
        497.7692307692307,
        753.1538461538462,
        1008.5384615384614,
        1262.3846153846155,
        1517.0,
        1771.6153846153845,
        2027.0,
        2280.846153846154,
        2535.4615384615386,
        2790.846153846154,
        3044.6923076923076,
        3298.5384615384614,
        3553.153846153846,
        3808.5384615384614,
        4062.3846153846152,
        4317.0,
        4573.153846153846,
        4827.7692307692305,
        5081.615384615385
    ],
    "es": [
        104.69230769230768,
        359.3076923076923,
        614.6923076923077,
        869.3076923076923,
        1123.923076923077,
        1377.0,
        1631.6153846153845,
        1887.0,
        2142.3846153846152,
        2397.0,
        2651.6153846153848,
        2905.4615384615386,
        3158.5384615384614,
        3412.3846153846152,
        3667.769230769231,
        3923.923076923077,
        4179.307692307692,
        4433.923076923077,
        4689.307692307692,
        4942.384615384615,
        5195.461538461538
    ]
}