{
    "ed": [
        238.3607594936709,
        486.7784810126582,
        735.1962025316456,
        984.4050632911392,
        1233.613924050633,
        1481.240506329114,
        1729.6582278481012,
        1978.0759493670887,
        2226.493670886076,
        2474.9113924050635,
        2722.5379746835442,
        2972.5379746835442,
        3220.1645569620255,
        3467.7911392405063,
        3716.2088607594937,
        3963.8354430379745,
        4211.462025316456,
        4459.879746835443,
        4707.506329113924,
        4955.9240506329115
    ],
    "es": [
        99.91139240506328,
        349.9113924050633,
        599.120253164557,
        846.746835443038,
        1094.373417721519,
        1341.2088607594937,
        1589.626582278481,
        1838.8354430379748,
        2088.8354430379745,
        2338.0443037974683,
        2586.4620253164558,
        2834.0886075949365,
        3080.9240506329115,
        3328.5506329113923,
        3576.1772151898736,
        3825.3860759493673,
        4074.5949367088606,
        4323.012658227848,
        4570.639240506329,
        4817.474683544304,
        5063.518987341772
    ]
}