{
    "ed": [
        172.86119157992135,
        391.1225286543105,
        609.3838657286997,
        827.6452028030888,
        1046.9264526675452,
        1266.2077025320016,
        1486.5088651865253,
        1708.8498534211833,
        1932.2107544459086,
        2156.5915682607015,
        2383.0122076556286,
        2609.4328470505557,
        2837.893312025617,
        3066.3537770006787,
        3294.81424197574,
        3523.274706950802,
        3751.735171925863,
        3979.175724110857,
        4206.616276295852,
        4434.056828480846,
        4661.497380665841,
        4888.937932850835,
        5115.358572245762,
        5341.779211640689,
        5567.179938245548,
        5792.5806648504085,
        6016.961478665201,
        6242.362205270061,
        6466.743019084854,
        6690.103920109579,
        6913.464821134305,
        7136.825722159029,
        7360.186623183755
    ],
    "es": [
        42.312354451314775,
        259.5537787356367,
        477.8151158100259,
        695.0565400943477,
        914.3377899588043,
        1132.5991270331933,
        1352.900289687717,
        1573.2014523422406,
        1794.5225277868317,
        2018.903341601624,
        2243.2841554164165,
        2469.7047948113436,
        2696.1254342062707,
        2924.5858991813325,
        3153.046364156394,
        3381.5068291314556,
        3609.967294106517,
        3838.427759081578,
        4066.88822405664,
        4293.308863451567,
        4520.749415636561,
        4748.189967821556,
        4975.63052000655,
        5202.051159401477,
        5428.471798796404,
        5654.892438191331,
        5880.293164796191,
        6105.693891401051,
        6330.074705215843,
        6554.455519030636,
        6777.816420055361,
        7002.197233870154,
        7225.558134894879,
        7447.899123129538
    ]
}