{
    "ed": [
        282.37242472266246,
        600.9144215530903,
        920.2488114104596,
        1238.7908082408874,
        1558.917591125198,
        1877.459587955626,
        2196.001584786054,
        2514.543581616482,
        2833.877971473851,
        3154.004754358162,
        3472.5467511885895,
        3791.881141045959,
        4111.215530903328
    ],
    "es": [
        92.19809825673534,
        410.74009508716324,
        730.0744849445325,
        1049.4088748019017,
        1368.743264659271,
        1687.285261489699,
        2005.8272583201267,
        2325.161648177496,
        2644.4960380348653,
        2963.8304278922346,
        3283.164817749604,
        3600.9144215530905,
        3920.2488114104594,
        4240.37559429477
    ]
}