{
    "ed": [
        309.6073131955485,
        632.341812400636,
        955.0763116057234,
        1277.8108108108108,
        1600.5453100158982,
        1923.2798092209857,
        2246.014308426073,
        2568.7488076311606,
        2890.6883942766294,
        3213.422893481717,
        3535.362480127186,
        3856.5071542130368,
        4178.446740858506
    ],
    "es": [
        117.23847376788552,
        439.97297297297297,
        762.7074721780604,
        1086.2368839427663,
        1408.9713831478537,
        1730.9109697933227,
        2052.850556438792,
        2376.379968203498,
        2699.114467408585,
        3021.8489666136725,
        3343.7885532591413,
        3664.1383147853735,
        3986.872813990461,
        4309.607313195548
    ]
}