{
    "ed": [
        302.7142857142857,
        620.1746031746031,
        938.4285714285714,
        1258.2698412698412,
        1576.5238095238096,
        1893.984126984127,
        2211.4444444444443,
        2528.904761904762
    ],
    "es": [
        115.4126984126984,
        432.07936507936506,
        750.3333333333334,
        1069.3809523809523,
        1388.4285714285713,
        1706.6825396825398,
        2024.1428571428573,
        2341.6031746031745,
        2659.8571428571427
    ]
}