{
    "ed": [
        306.2282958199357,
        629.379421221865,
        950.9228295819936,
        1274.073954983923,
        1598.0289389067525,
        1921.1800643086817,
        2242.7234726688102,
        2565.0707395498393,
        2887.418006430868,
        3212.176848874598,
        3533.720257234727,
        3855.2636655948554,
        4176.807073954984
    ],
    "es": [
        111.69453376205789,
        434.04180064308684,
        758.8006430868168,
        1081.951768488746,
        1404.2990353697749,
        1727.450160771704,
        2048.1897106109323,
        2372.144694533762,
        2696.099678456592,
        3018.4469453376205,
        3340.7942122186496,
        3661.533762057878,
        3984.684887459807,
        4307.836012861736
    ]
}