{
    "ed": [
        200.63247565216443,
        450.1159507320681,
        698.576952553447,
        942.9480613407304,
        1186.296696869489,
        1431.6902789152973,
        1679.1288074781532,
        1922.477443006912,
        2168.893498311243,
        2415.3095536155743,
        2661.7256089199054,
        2910.186610741286,
        3158.647612562665,
        3403.0187213499485,
        3652.502196429852,
        3894.828358700086,
        4144.3118337799915,
        4392.77283560137,
        4641.233837422751,
        4887.649892727082,
        5133.043474772889,
        5380.482003335745,
        5628.943005157125,
        5874.336587202932,
        6124.84253554136,
        6371.258590845693,
        6617.674646150022,
        6863.068228195829,
        7109.484283500162,
        7356.922812063018,
        7605.383813884397,
        7851.79986918873,
        8101.2833442686315,
        8347.699399572964,
        8599.227821169916,
        8849.733769508344,
        9103.307137622345,
        9350.745666185201,
        9600.229141265107,
        9849.712616345008,
        10098.173618166387,
        10347.657093246293,
        10597.140568326198,
        10845.601570147577,
        11092.017625451906,
        11341.501100531812,
        11587.917155836145,
        11835.355684399,
        12084.839159478903,
        12334.322634558808,
        12576.648796829042,
        12824.087325391898,
        13070.503380696227,
        13313.852016224988,
        13561.290544787844,
        13805.661653575127,
        14050.03276236241,
        14295.426344408217,
        14539.7974531955,
        14785.191035241307,
        15031.60709054564,
        15281.090565625542
    ],
    "es": [
        47.26148687353452,
        296.7449619534382,
        544.1834905162941,
        792.644492337673,
        1037.0156011249564,
        1285.4766029463372,
        1526.7802919580463,
        1773.1963472623793,
        2017.567456049661,
        2263.983511353994,
        2510.399566658325,
        2758.860568479704,
        3007.3215703010846,
        3254.7600988639406,
        3499.131207651222,
        3746.569736214078,
        3989.918371742837,
        4241.44679333979,
        4488.885321902646,
        4736.3238504655,
        4982.739905769833,
        5228.1334878156395,
        5477.616962895543,
        5727.100437975449,
        5971.471546762732,
        6219.932548584111,
        6465.326130629917,
        6712.764659192773,
        6960.203187755629,
        7206.6192430599585,
        7454.0577716228145,
        7701.49630018567,
        7947.912355490003,
        8196.373357311382,
        8445.856832391288,
        8695.34030747119,
        8947.891202326668,
        9198.397150665096,
        9446.858152486475,
        9694.29668104933,
        9945.825102646282,
        10194.286104467665,
        10443.769579547567,
        10694.275527885995,
        10940.691583190328,
        11189.152585011707,
        11437.613586833086,
        11691.186954947087,
        11937.60301025142,
        12185.041538814276,
        12432.480067377131,
        12671.738809871793,
        12919.177338434649,
        13171.728233290123,
        13415.076868818884,
        13655.358084572068,
        13901.774139876401,
        14146.145248663684,
        14388.471410933918,
        14636.932412755297,
        14882.325994801107,
        15127.719576846914,
        15376.180578668293
    ]
}