{
    "ed": [
        105.98796502244369,
        542.0972275360427,
        979.0111196852758,
        1420.7527896483125,
        1870.5407559676887,
        2309.8685370238236,
        2758.8518737075656,
        3207.0305807556742,
        3477.3861383286803,
        3652.7953988968807,
        4123.503735742739,
        4624.787998742688
    ],
    "es": [
        212.19907692612463,
        648.3083394397237,
        1084.417601953323,
        1525.3546422807256,
        1975.9472382357358,
        2415.2750192918706,
        2864.2583559756126,
        3301.1722481248457,
        3561.0676204346105,
        3743.7185477235166,
        4226.496329103885,
        4723.757443925663
    ]
}