{
    "ed": [
        156.26096923980685,
        664.2165762263023,
        1162.5881151564488,
        1676.933100847177,
        2190.479414199876,
        2695.240331834255,
        3195.2092154404595,
        3690.3860650184897,
        4165.596106145793,
        4394.815067160139,
        4739.042844850673,
        4984.235252625601,
        5590.427557189673,
        6135.920764063536
    ],
    "es": [
        261.68571785964554,
        769.641324846141,
        1268.0128637762875,
        1782.3578494670155,
        2295.9041628197147,
        2799.0677357780355,
        3300.6339640602982,
        3784.6294009059216,
        4268.624837751545,
        4503.434505132094,
        4840.474231780367,
        5080.07593318909,
        5691.060271781337,
        6230.962772288996
    ]
}