{
    "ed": [
        327.4750050256133,
        744.2731562839977,
        1165.0944557205519,
        1593.1574218778114,
        2030.0713140270445,
        2474.226872896983,
        2925.624098487627,
        3378.630583349539,
        3829.2231793045494,
        4282.229664166461,
        4730.408371214569,
        5185.024115347749,
        5645.272266930367,
        6120.808381590029,
        6593.1259777071555,
        7429.136169130827,
        7905.476913426122,
        8356.069509381134,
        8814.708401692482,
        9269.324145825662,
        9711.0658157887,
        10157.63526356554,
        10604.20471134238,
        11045.141751669782,
        11493.320458717892,
        11929.42972123149,
        12368.757502287624,
        12807.280653708125,
        13245.803805128628
    ],
    "es": [
        14.474076764008089,
        431.2722280223925,
        847.2657496451429,
        1268.087049081697,
        1696.1500152389565,
        2134.6731666594574,
        2578.024095893762,
        3027.8120622131382,
        3480.013917439416,
        3928.997254123158,
        4381.199109349436,
        4828.573186761911,
        5283.18893089509,
        5749.069489927146,
        6233.456530578782,
        6694.509311797033,
        7573.969503544937,
        8030.194506949385,
        8486.419510353833,
        8923.333402503065,
        9376.339887364977,
        9817.276927692381,
        10264.651005104854,
        10709.611193610426,
        11150.54823393783,
        11597.922311350305,
        12034.836203499537,
        12474.163984555671,
        12913.491765611807,
        13350.405657761039
    ]
}