{
    "ed": [
        312.3292496171516,
        633.9218989280245,
        956.2802450229709,
        1277.1071975497703,
        1598.6998468606432,
        1921.8238897396632,
        2244.1822358346094,
        2565.7748851454826,
        2887.3675344563553,
        3208.960183767228,
        3530.5528330781012
    ],
    "es": [
        104.05972434915773,
        424.8866768759571,
        745.7136294027565,
        1067.3062787136294,
        1389.6646248085758,
        1712.7886676875958,
        2035.9127105666157,
        2356.739663093415,
        2677.566615620214,
        2998.393568147014,
        3320.75191424196,
        3643.8759571209803
    ]
}