{
    "ed": [
        406.9075500770416,
        825.2434514637904,
        1245.8906009244993,
        1662.6856702619414,
        2081.7919876733436,
        2500.898305084746,
        2920.7750385208014,
        3339.8813559322034,
        3758.9876733436054,
        4177.323574730354,
        4597.970724191063,
        5018.617873651772
    ],
    "es": [
        131.09861325115563,
        548.6640986132511,
        967.7704160246533,
        1389.1879815100153,
        1805.2126348228044,
        2223.5485362095533,
        2643.4252696456088,
        3063.302003081664,
        3483.1787365177197,
        3899.9738058551616,
        4319.8505392912175,
        4740.497688751926,
        5161.9152542372885
    ]
}