{
    "ed": [
        411.5324881141046,
        825.1616481774961,
        1237.2060221870047,
        1658.7591125198098,
        2085.0665610142632,
        2502.657686212361,
        2917.079239302694,
        3334.6703645007924,
        3759.393026941363,
        4182.530903328051,
        4596.952456418384,
        5009.7892234548335
    ],
    "es": [
        127.06339144215531,
        548.6164817749603,
        962.2456418383518,
        1375.082408874802,
        1797.4278922345484,
        2222.1505546751187,
        2639.741679873217,
        3054.955625990491,
        3473.3391442155307,
        3897.26941362916,
        4318.822503961965,
        4734.036450079239,
        5147.665610142631
    ]
}