{
    "ed": [
        415.85496183206106,
        841.0458015267176,
        1265.473282442748,
        1689.9007633587787,
        2111.2748091603053,
        2535.702290076336,
        2958.6030534351144,
        3382.267175572519,
        3803.641221374046,
        4226.541984732825,
        4649.442748091603
    ],
    "es": [
        128.06870229007635,
        551.7328244274809,
        977.6870229007634,
        1403.6412213740457,
        1828.0687022900763,
        2248.679389312977,
        2671.5801526717555,
        3096.7709923664124,
        3520.4351145038167,
        3941.0458015267177,
        4361.656488549618,
        4786.083969465649
    ]
}