{
    "ed": [
        402.2134146341463,
        808.4634146341464,
        1216.2378048780488,
        1630.1097560975609,
        2047.7926829268295,
        2459.378048780488,
        2866.390243902439,
        3273.4024390243903,
        3687.2743902439024,
        4100.384146341464,
        4508.920731707317,
        4916.695121951219
    ],
    "es": [
        127.82317073170731,
        540.170731707317,
        946.420731707317,
        1354.9573170731708,
        1769.591463414634,
        2186.512195121951,
        2597.3353658536585,
        3005.871951219512,
        3412.8841463414633,
        3827.518292682927,
        4238.341463414634,
        4646.878048780488,
        5055.414634146341
    ]
}