{
    "ed": [
        28.896316766316886,
        283.3946151197015,
        536.8708319535945,
        787.2808042290126,
        1040.7570210629056,
        1295.2553194162901,
        1540.5548840942502,
        1791.98693788916,
        2045.4631547230529,
        2298.939371556946,
        2550.3714253518556,
        2803.8476421857486,
        3055.2796959806583,
        3303.645505217093,
        3557.1217220509934,
        3804.4654497679367,
        4054.875422043355,
        4307.329557357756,
        4555.695366594191,
        4809.171583428084,
        5064.69196330096,
        5317.146098615362,
        5570.6223154492545,
        5825.120613802639,
        6079.618912156024,
        6336.161373548392,
        6588.615508862793,
        6843.1138072161775,
        7093.523779491596,
        7348.02207784498,
        7598.432050120398,
        7855.996593032258,
        8112.539054424626,
        8369.081515816993,
        8623.579814170378,
        8878.078112523763,
        9129.510166318672,
        9385.030546191549,
        9638.506763025442,
        9890.960898339843,
        10144.437115173736,
        10397.913332007629,
        10652.411630361014,
        10907.93201023389,
        11160.386145548291,
        11411.8181993432,
        11666.316497696593,
        11919.792714530486,
        12172.246849844887
    ],
    "es": [
        129.06030567648122,
        382.53652251037784,
        634.9906578247792,
        885.4006301001973,
        1138.8768469340903,
        1391.330982248488,
        1641.7409545239134,
        1892.1509267993315,
        2143.5829805942412,
        2396.0371159086426,
        2649.5133327425356,
        2902.9895495764285,
        3155.44368489083,
        3404.8315756467564,
        3654.219466402683,
        3902.5852756391178,
        4152.995247914536,
        4404.427301709446,
        4654.837273984864,
        4908.313490818757,
        5161.78970765265,
        5415.265924486543,
        5669.764222839927,
        5924.262521193312,
        6179.782901066188,
        6434.281199419573,
        6687.757416253466,
        6941.233633087366,
        7192.665686882276,
        7448.186066755152,
        7700.640202069553,
        7956.160581942429,
        8212.703043334797,
        8467.201341688182,
        8722.721721561058,
        8978.242101433934,
        9229.674155228844,
        9483.150372062737,
        9734.582425857647,
        9989.080724211031,
        10243.579022564416,
        10498.0773209178,
        10751.553537751694,
        11007.07391762457,
        11257.483889899988,
        11509.93802521439,
        11764.436323567774,
        12019.95670344065
    ]
}