{
    "ed": [
        3.00208696880145,
        253.4884170832811,
        503.97474719778984,
        756.5058636805625,
        1006.9921937950712,
        1257.47852390958,
        1506.9424608399277,
        1756.4063977702754,
        2003.8255483323592,
        2254.311878446839,
        2503.7758153772156,
        2751.1949659392994,
        3000.658902869647,
        3252.167626168288,
        3502.6539562827675,
        3755.185072765569,
        4004.649009695917,
        4255.135339810426,
        4506.644063109037,
        4758.152786407678,
        5010.68390289048,
        5260.147839820827,
        5506.54459719875,
        5757.030927313259,
        5998.315718770493,
        6247.7796557008405,
        6499.288378999481,
        6752.841888666415,
        7004.3506119650265,
        7253.814548895403,
        7504.300879009883,
        7754.787209124392,
        8001.183966502314,
        8252.692689800955,
        8502.156626731332,
        8753.665350029973,
        9002.106893776188,
        9250.548437522404,
        9500.012374452752,
        9750.49870456726,
        10000.98503468174,
        10252.49375798038,
        10500.935301726597,
        10752.444025025237,
        11002.930355139746,
        11254.439078438387,
        11503.903015368734,
        11752.34455911495,
        11999.763709677034,
        12250.250039791514,
        12498.69158353773,
        12748.155520468077,
        12996.597064214293,
        13245.038607960538,
        13493.480151706754,
        13746.011268189526,
        13995.475205119874,
        14246.983928418515,
        14492.358292612305,
        14741.822229542653,
        14992.308559657162,
        15240.750103403378,
        15492.258826702018,
        15739.677977264102,
        15990.164307378582,
        16242.695423861354,
        16492.15936079173,
        16744.690477274504,
        16993.13202102072,
        17242.595957951067,
        17493.082288065576,
        17740.50143862766,
        17990.98776874214,
        18242.49649204078,
        18487.87085623457,
        18740.401972717373,
        18985.776336911164,
        19232.173094289086,
        19482.659424403595,
        19734.168147702236,
        19984.654477816715,
        20237.185594299488,
        20486.649531229865,
        20737.135861344344
    ],
    "es": [
        101.15183264631196,
        351.6381627608207,
        603.1468860594614,
        854.6556093581021,
        1105.1419394725817,
        1355.6282695870905,
        1605.0922065174382,
        1851.488963895361,
        2102.9976871940016,
        2353.4840173085104,
        2598.858381502301,
        2849.34471161681,
        3098.8086485471576,
        3350.3173718457983,
        3601.826095144439,
        3852.3124252589478,
        4102.798755373427,
        4353.285085487936,
        4604.793808786577,
        4857.3249252693495,
        5108.83364856799,
        5355.230405945913,
        5604.69434287629,
        5845.979134333495,
        6096.465464448003,
        6346.951794562512,
        6598.460517861153,
        6850.991634343925,
        7100.455571274273,
        7352.986687757046,
        7601.4282315032615,
        7851.91456161777,
        8099.333712179854,
        8349.820042294334,
        8601.328765592974,
        8850.792702523351,
        9098.211853085406,
        9348.698183199915,
        9597.13972694613,
        9848.648450244771,
        10100.157173543412,
        10351.665896842052,
        10599.085047404107,
        10850.593770702748,
        11101.080100817257,
        11351.566430931736,
        11602.052761046245,
        11849.471911608329,
        12096.891062170384,
        12347.377392284892,
        12596.84132921524,
        12845.282872961456,
        13091.679630339408,
        13342.165960453887,
        13591.629897384264,
        13843.138620682905,
        14091.58016442912,
        14340.021708175336,
        14588.463251921552,
        14836.904795667768,
        15086.368732598115,
        15336.855062712624,
        15585.29660645884,
        15835.78293657332,
        16087.29165987196,
        16338.800383170601,
        16588.26432010095,
        16840.79543658375,
        17088.214587145805,
        17339.723310444446,
        17589.187247374823,
        17839.673577489302,
        18091.182300787943,
        18339.62384453416,
        18589.087781464506,
        18837.529325210722,
        19084.948475772806,
        19332.36762633489,
        19581.831563265237,
        19833.340286563878,
        20083.826616678387,
        20334.312946792867,
        20583.776883723243
    ]
}