{
    "ed": [
        175.86971376479153,
        555.9318335562441,
        931.9160336074451,
        1316.0560731391495,
        1696.9337768786522,
        2081.889400358407,
        2474.1852793706144,
        2864.8499904867213,
        3255.514701602828,
        3646.9949966669856,
        4044.1843793674952,
        4441.373762068004,
        4840.194312664615,
        5234.121359572923,
        5629.679574377332,
        6031.762460766143,
        6427.320675570552,
        6832.665897751564,
        7114.857943776978,
        7574.847290477363,
        7987.532768190829,
        8394.509158267942,
        8795.776460708703,
        9197.859347097514,
        9602.388985330477
    ],
    "es": [
        281.0800430632837,
        651.3551554781325,
        1037.1263629059374,
        1420.4508184895913,
        1802.1441061771447,
        2187.099729656899,
        2577.764440773006,
        2963.535648200811,
        3353.3847753688674,
        3748.9429901732765,
        4142.870037081585,
        4543.321755574295,
        4933.986466690402,
        5336.069353079214,
        5729.996399987522,
        6131.263702428283,
        6529.268669076843,
        6937.060643102007,
        7218.43710517937,
        7680.057619775855,
        8092.743097489321,
        8499.719487566434,
        8900.986790007195,
        9303.885260344057,
        9699.443475148466
    ]
}