{
    "ed": [
        101.52336225456196,
        430.71399832933366,
        759.0898060969896,
        1089.910098785993,
        1417.471078246533,
        1747.4765426284205,
        2079.926491931655,
        2418.895067691816,
        2753.7895019163984,
        3094.387734290791,
        3430.9118251296045,
        3770.695229196881,
        4108.848976649926,
        4447.002724102971,
        4785.971299863132,
        5129.014017158872,
        5472.871562761728,
        5818.358764978815,
        6159.771825660323,
        6501.184886341832,
        6844.2276036375715,
        7187.270320933311,
        7535.202008071746,
        7879.059553674601,
        8222.917099277456
    ],
    "es": [
        201.7472440298019,
        532.5675367188051,
        862.5730011006926,
        1190.1339805612326,
        1517.6949600217729,
        1848.5152527107762,
        2180.9652020140106,
        2521.5634343884035,
        2856.4578686129853,
        3193.796787758915,
        3528.691221983497,
        3867.6597977436577,
        4204.183888582472,
        4541.522807728401,
        4880.491383488562,
        5222.719272477186,
        5566.576818080041,
        5909.619535375781,
        6255.921565899984,
        6598.9642831957235,
        6942.007000491464,
        7291.56834424413,
        7637.055546461217,
        7981.727920371188
    ]
}