{
    "ed": [
        115.56025087628848,
        439.04708880124974,
        764.1635833404426,
        1088.4652495725197,
        1415.211400725944,
        1741.1427235722526,
        2071.14818795414,
        2401.9684806431433,
        2735.2332582534937,
        3075.0166623207706,
        3413.1704097738157,
        3755.39829876244,
        4106.589299129338
    ],
    "es": [
        215.78413265152835,
        540.0857988836054,
        863.5726368085668,
        1191.1336162691068,
        1512.1759692727207,
        1842.1814336546083,
        2166.4830998866855,
        2503.8220190326147,
        2839.531281564313,
        3174.4257157888946,
        3510.1349783205924,
        3856.4370088447954,
        4207.628009211693
    ]
}