{
    "ed": [
        208.33651488093892,
        451.9266109271848,
        702.923162596504,
        937.4609239923884,
        1169.5298668472678,
        1413.9429024072015,
        1663.2935750491743,
        1915.113066232123,
        2166.9325574151007,
        2420.397927625396,
        2672.2174188083736,
        2924.85984950501,
        3152.814094791538,
        3386.528916673764,
        3623.5354966106825,
        3860.542076547572,
        4100.0174750254955,
        4352.659905722132,
        4604.47939690511,
        4857.944767115405,
        5110.587197812041,
        5351.708475317282,
        5596.121510877216,
        5849.58688108754,
        6102.229311784176,
        6354.048802967125,
        6595.170080472395,
        6830.530781381967,
        7079.881454023911,
        7330.878005693201,
        7582.697496876179,
        7836.162867086474,
        8088.80529778311,
        8340.624788966088,
        8574.339610848314,
        8812.99206981255,
        9066.457440022845,
        9320.745749746828,
        9574.211119957123,
        9828.499429681106,
        10081.9647998914,
        10336.253109615383,
        10579.02026614797,
        10833.308575871954,
        11085.95100656859,
        11340.239316292573,
        11593.704686502868,
        11835.648903521796,
        12085.822515677428
    ],
    "es": [
        64.32209998869803,
        298.8598613846116,
        549.8564130539016,
        792.6235695864889,
        1020.577814873046,
        1265.8137899466383,
        1507.758006965567,
        1758.754558634857,
        2011.3969893314934,
        2264.03942002813,
        2516.6818507247663,
        2769.3242814214027,
        3010.4455589266727,
        3241.6915622678935,
        3479.5210817184707,
        3713.2359036006965,
        3950.242483537586,
        4196.301398124866,
        4448.120889307844,
        4701.586259518139,
        4953.4057507010875,
        5206.048181397724,
        5441.408882307296,
        5691.582494462928,
        5945.047864673223,
        6197.690295369859,
        6444.572149470827,
        6683.224608435063,
        6920.231188371981,
        7171.227740041271,
        7424.693110251566,
        7677.335540948203,
        7929.1550321311515,
        8181.797462827788,
        8427.03343790141,
        8660.748259783635,
        8905.161295343569,
        9158.626665553864,
        9412.092035764188,
        9664.734466460824,
        9919.022776184778,
        10172.488146395102,
        10415.25530292769,
        10669.543612651672,
        10923.008982861968,
        11176.474353072263,
        11431.585602309904,
        11681.759214465535,
        11925.34931051181,
        12177.991741208447
    ]
}