{
    "ed": [
        166.27133765467443,
        419.43828043935355,
        671.7832526305865,
        924.1282248218195,
        1176.4731970130524,
        1428.8181692042854,
        1680.3411708020722,
        1933.5081135867513,
        2176.81140924996,
        2415.1828813524335,
        2651.9104122679855,
        2904.2553844592185,
        3148.3806507159024,
        3408.123358248238,
        3661.2903010329173,
        3913.6352732241503,
        4165.980245415383,
        4418.325217606616,
        4670.670189797849,
        4923.837132582557,
        5169.606340026134,
        5420.307371030445,
        5673.474313815153,
        5927.463227193279,
        6177.342287604144,
        6420.645583267353,
        6672.990555458586,
        6925.335527649819,
        7177.680499841052,
        7428.381530845392,
        7667.574973541312,
        7916.632063358702,
        8170.620976736856,
        8424.60989011501,
        8678.598803493165,
        8931.765746277844,
        9185.754659655999,
        9438.921602440678,
        9692.910515818832,
        9946.899429196987,
        10200.888342575112,
        10454.05528535982,
        10708.044198737945,
        10962.0331121161,
        11215.200054900808,
        11464.257144718198,
        11718.246058096352,
        11972.234971474507,
        12225.401914259186,
        12467.883239328949,
        12717.762299739814,
        12964.353477776836,
        13205.190861659677,
        13457.53583385091,
        13709.880806042143,
        13962.225778233376,
        14214.57075042461,
        14466.915722615842,
        14719.260694807075
    ],
    "es": [
        8.452983710973058,
        259.97598530873074,
        512.3209574999637,
        764.6659296912258,
        1017.8328724759049,
        1269.3558740736917,
        1521.7008462649246,
        1774.0458184561576,
        2026.3907906473905,
        2264.762262749835,
        2501.489793665387,
        2744.7930893285957,
        2997.960032113304,
        3234.687563028856,
        3503.471947089216,
        3754.9949486870028,
        4008.161891471682,
        4258.8629224760225,
        4511.2078946672555,
        4764.374837451935,
        5017.541780236614,
        5260.845075899822,
        5514.012018684531,
        5767.17896146921,
        6021.167874847364,
        6262.827229323651,
        6513.528260327963,
        6765.873232519196,
        7018.218204710429,
        7270.563176901662,
        7513.8664725648705,
        7755.525827041187,
        8009.514740419341,
        8261.859712610574,
        8515.8486259887,
        8769.015568773408,
        9023.004482151533,
        9275.349454342766,
        9529.33836772092,
        9783.327281099075,
        10038.138165070675,
        10291.305107855354,
        10546.115991826984,
        10799.282934611663,
        11054.093818583264,
        11307.260761367943,
        11557.139821778808,
        11811.950705750409,
        12068.40553090893,
        12320.750503100164,
        12565.697739950294,
        12813.932859174238,
        13055.592213650525,
        13303.005362281023,
        13555.350334472256,
        13806.873336070043,
        14059.218308261276,
        14311.563280452508,
        14563.908252643741,
        14815.431254241528
    ]
}