{
    "ed": [
        77.8681751452084,
        379.637054150821,
        679.8779894652661,
        979.3549529341271,
        1279.5958882485722,
        1579.836823563017,
        1882.3696744142135,
        2185.666497110994,
        2488.1993479621906,
        2791.4961706589706,
        3095.556965201335,
        3399.617759743699,
        3704.442526131647,
        4007.739348828427,
        4314.092058907543,
        4621.208740832242,
        4928.325422756941,
        5235.4421046816415,
        5541.030842915173,
        5851.203412222208,
        6159.848037838075,
        6471.548550836277
    ],
    "es": [
        177.94848691669006,
        480.48133776788654,
        779.9583012367477,
        1079.435264705609,
        1379.6762000200538,
        1679.9171353344989,
        1982.4499861856953,
        2285.7468088824758,
        2588.279659733672,
        2891.5764824304524,
        3195.6372769728164,
        3499.698071515181,
        3804.5228379031287,
        4107.819660599909,
        4414.172370679024,
        4721.289052603724,
        5028.405734528424,
        5335.522416453123,
        5638.819239149903,
        5951.28372399369,
        6259.928349609557
    ]
}