{
    "ed": [
        181.06727828746176,
        392.0764525993884,
        603.8501529051988,
        816.388379204893,
        1028.1620795107033,
        1239.9357798165138,
        1450.9449541284403,
        1662.7186544342508,
        1873.7278287461775,
        2083.97247706422,
        2294.217125382263,
        2504.461773700306,
        2715.4709480122324,
        2926.480122324159,
        3136.7247706422017,
        3347.733944954128,
        3558.743119266055,
        3737.6422018348626
    ],
    "es": [
        65.62385321100918,
        276.6330275229358,
        486.87767584097855,
        697.8868501529053,
        910.4250764525993,
        1122.9633027522937,
        1335.5015290519877,
        1548.039755351682,
        1759.0489296636085,
        1969.2935779816514,
        2178.0091743119265,
        2387.489296636086,
        2598.4984709480123,
        2809.5076452599387,
        3020.5168195718657,
        3232.2905198776757,
        3444.064220183486,
        3653.544342507645,
        3809.5076452599387
    ]
}