{
    "ed": [
        259.5531914893617,
        536.9088145896657,
        815.0243161094224,
        1092.3799392097264,
        1371.2553191489362,
        1650.130699088146,
        1926.726443768997,
        2204.841945288754,
        2482.9574468085107,
        2761.0729483282676,
        3039.9483282674773,
        3318.823708206687,
        3596.1793313069907,
        3874.2948328267476,
        4151.650455927052,
        4429.765957446809,
        4709.401215805471,
        4988.276595744681,
        5266.392097264437,
        5545.267477203647,
        5824.142857142857,
        6104.537993920972,
        6384.933130699088,
        6664.568389057751,
        6943.443768996961,
        7222.31914893617
    ],
    "es": [
        98.45896656534956,
        376.5744680851064,
        654.6899696048632,
        933.565349544073,
        1212.4407294832827,
        1490.5562310030396,
        1767.1519756838907,
        2043.7477203647418,
        2321.8632218844987,
        2601.498480243161,
        2881.1337386018236,
        3159.2492401215804,
        3435.8449848024316,
        3713.2006079027356,
        3991.3161094224924,
        4270.191489361702,
        4549.826747720364,
        4827.182370820668,
        5103.77811550152,
        5381.893617021276,
        5661.52887537994,
        5941.924012158055,
        6223.079027355623,
        6501.19452887538,
        6777.030395136778,
        7053.626139817629,
        7331.741641337386
    ]
}