{
    "ed": [
        195.27830228592848,
        409.5171381271025,
        624.7761589008535,
        839.0149947420275,
        1053.2538305832015,
        1267.4926664243756,
        1482.7516871981265,
        1696.9905230393006,
        1912.2495438130518,
        2126.488379654226,
        2340.7272154954,
        2555.986236269151,
        2770.225072110325,
        2985.484092884076,
        3200.743113657827,
        3414.981949499001,
        3630.240970272752,
        3845.499991046503,
        4059.7388268876775,
        4274.997847661428,
        4490.256868435179,
        4704.4957042763535,
        4919.754725050104,
        5133.993560891278,
        5349.2525816650295,
        5563.491417506203,
        5777.730253347378,
        5992.989274121129,
        6207.228109962302,
        6421.466945803477,
        6636.725966577227,
        6850.964802418402,
        7065.203638259575,
        7280.462659033326,
        7495.721679807078,
        7707.920145783099,
        7922.158981624272,
        8136.397817465446,
        8350.63665330662,
        8564.875489147795,
        8779.114324988968,
        8993.353160830142,
        9208.612181603892,
        9422.851017445068,
        9637.089853286241
    ],
    "es": [
        75.91666517441718,
        291.1756859481683,
        505.4145217893422,
        720.6735425630934,
        934.9123784042674,
        1150.1713991780184,
        1364.4102350191924,
        1579.6692557929437,
        1793.9080916341177,
        2009.1671124078684,
        2223.4059482490425,
        2438.6649690227937,
        2652.9038048639677,
        2867.1426407051417,
        3081.3814765463158,
        3295.62031238749,
        3509.859148228664,
        3724.0979840698374,
        3938.336819911012,
        4153.595840684763,
        4367.834676525937,
        4583.093697299688,
        4797.332533140862,
        5012.591553914613,
        5226.830389755787,
        5442.089410529538,
        5656.328246370712,
        5871.587267144463,
        6085.826102985638,
        6301.085123759388,
        6516.344144533139,
        6730.582980374314,
        6945.842001148065,
        7161.101021921815,
        7374.319672830413,
        7588.558508671587,
        7805.857899310491,
        8021.116920084243,
        8236.375940857994,
        8451.634961631744,
        8665.87379747292,
        8880.112633314093,
        9093.33128422269,
        9307.570120063863,
        9521.808955905039,
        9736.047791746212
    ]
}