{
    "ed": [
        158.84447422429366,
        386.83945464278077,
        614.8344350612715,
        843.6156050674108,
        1071.6105854859015,
        1300.3917554920408,
        1528.386735910528,
        1756.3817163290187,
        1984.3766967475058,
        2212.3716771659965,
        2441.152847172136,
        2668.3616380029744,
        2894.7842392461644,
        3119.6344613140536,
        3342.912304206642,
        3566.976336686883,
        3789.467989991823,
        4011.959643296763,
        4234.451296601703,
        4456.156760318991,
        4677.862224036282,
        4898.781498165921,
        5119.7007722955605,
        5339.833856837551,
        5560.75313096719,
        5780.886215509177,
        6002.591679226469,
        6223.510953356104,
        6445.216417073396,
        6666.921880790687,
        6887.84115492033,
        7107.974239462317,
        7328.107324004304,
        7546.668029370994,
        7765.228734737684,
        7983.0032505167255,
        8199.991576708118,
        8416.193713311855,
        8631.609660327944,
        8846.239417756384,
        9060.869175184824,
        9274.712743025615,
        9487.770121278758,
        9700.827499531893,
        9913.098688197388,
        10125.369876862875,
        10336.854875940713,
        10548.339875018552,
        10759.824874096397,
        10972.096062761884,
        11185.939630602676,
        11400.569388031116,
        11617.557714222508,
        11835.332230001542,
        12054.679124955881,
        12274.026019910227,
        12495.73148362751,
        12720.581705695404,
        12947.790496526242,
        13178.144045707682,
        13413.214732415021,
        13649.071608710008,
        13885.714674592651,
        14125.502498825888,
        14366.076512646774,
        14609.009095230613,
        14853.514056989756,
        15100.377587511844,
        15346.454928446277,
        15593.318458968366,
        15840.181989490455,
        16087.045520012543,
        16330.76429218403,
        16573.69687476787,
        16813.484699001114,
        17050.913954471398,
        17288.34320994169,
        17524.200086236677,
        17758.484583356367,
        17991.98289088841
    ],
    "es": [
        21.26129638554994,
        248.4700872163885,
        476.46506763487923,
        704.4600480533663,
        932.4550284718571,
        1161.2361984779964,
        1389.2311788964835,
        1617.2261593149742,
        1845.221139733465,
        2073.216120151952,
        2301.211100570443,
        2529.20608098893,
        2756.414871819772,
        2982.8374730629585,
        3207.6876951308514,
        3431.7517276110884,
        3655.029570503677,
        3877.521223808617,
        4100.012877113557,
        4322.504530418497,
        4544.209994135788,
        4765.1292682654275,
        4986.048542395067,
        5206.967816524706,
        5427.100901066697,
        5647.233985608684,
        5868.153259738323,
        6089.072533867966,
        6310.777997585254,
        6532.483461302545,
        6753.402735432181,
        6974.3220095618235,
        7195.241283691459,
        7414.588178645805,
        7633.935073600143,
        7852.495778966833,
        8069.484105158219,
        8286.472431349612,
        8502.674567953349,
        8718.876704557093,
        8933.506461985533,
        9147.350029826324,
        9361.193597667108,
        9574.250975920251,
        9787.308354173394,
        9998.793353251232,
        10211.06454191672,
        10422.549540994558,
        10634.034540072404,
        10846.30572873789,
        11058.576917403378,
        11271.63429565652,
        11486.26405308496,
        11701.680000101049,
        11920.240705467739,
        12139.587600422077,
        12360.50687455172,
        12582.212338269012,
        12807.062560336897,
        13034.271351167736,
        13264.624900349176,
        13498.909397468866,
        13735.552463351509,
        13972.981718821793,
        14212.76954305503,
        14454.129746463572,
        14697.06232904741,
        14942.353480394202,
        15188.430821328635,
        15436.080541438372,
        15682.94407196046,
        15931.379981657854,
        16176.671133004638,
        16421.17609476378,
        16663.32248775997,
        16903.896501580857,
        17142.111946638797,
        17380.327391696737,
        17616.184267991724,
        17850.468765111415
    ]
}