{
    "ed": [
        7.123456790123456,
        341.2283950617284,
        733.9753086419753,
        1134.4382716049383,
        1544.1604938271605,
        1956.1975308641975,
        2352.0308641975307,
        2744.777777777778,
        3145.240740740741,
        3561.135802469136,
        3966.2283950617284,
        4357.432098765432,
        4753.265432098766,
        5156.043209876543
    ],
    "es": [
        113.60493827160494,
        467.7716049382716,
        864.3765432098766,
        1267.9259259259259,
        1679.1913580246915,
        2092.7716049382716,
        2485.5185185185187,
        2879.8086419753085,
        3280.2716049382716,
        3697.7098765432097,
        4102.802469135802,
        4491.691358024691,
        4888.2962962962965,
        5291.8456790123455
    ]
}