{
    "ed": [
        74.06869978425681,
        324.2187326325487,
        574.3687654808406,
        825.3104123571334,
        1077.043673261427,
        1327.98532013772,
        1582.0934231260164,
        1837.784754170315,
        2094.267699242614,
        2354.708714454918,
        2613.5665016112202,
        2874.007516823524,
        3134.448532035828,
        3396.472775304134,
        3660.0802466284413,
        3924.47933198075,
        4190.46164538906,
        4460.402028937376,
        4726.384342345686,
        4993.158269781997,
        5255.974127078303,
        5521.164826458613,
        5785.563911810922,
        6049.171383135229,
        6311.987240431536,
        6573.219869671841,
        6835.244112940147,
        7095.6851281524505,
        7359.292599476758,
        7622.108456773065,
        7886.507542125373
    ],
    "es": [
        163.5210849483612,
        414.46273182465404,
        663.821150644945,
        914.7627975212379,
        1165.7044443975306,
        1417.4377053018243,
        1672.3374223181218,
        1927.2371393344192,
        2183.7200844067183,
        2444.9527136470233,
        2702.2272727473237,
        2963.4599019876287,
        3225.4841452559344,
        3486.716774496239,
        3751.1158598485476,
        4015.5149452008563,
        4281.497258609166,
        4551.437642157482,
        4817.4199555657915,
        5083.402268974102,
        5347.00974029841,
        5612.20043967872,
        5876.599525031028,
        6140.206996355336,
        6402.231239623641,
        6664.2554828919465,
        6926.279726160253,
        7186.720741372556,
        7450.328212696864,
        7713.935684021172,
        7978.33476937348
    ]
}