{
    "ed": [
        14.360598853297859,
        267.11301640698025,
        521.8955738606923,
        774.6479914143746,
        1029.4305488680866,
        1285.2281762718133,
        1542.0408736255547,
        1798.8535709792964,
        2054.6511983830233,
        2312.4789656867792,
        2572.3368728905652,
        2834.224919994381,
        3100.1732468982555,
        3368.1517137021597,
        3636.130180506064,
        3904.1086473099676,
        4172.087114113872,
        4436.005301117717,
        4700.938558071577,
        4966.886884975452,
        5230.805071979296,
        5496.753398883171,
        5762.701725787046,
        6029.665122640936,
        6297.64358944484,
        6562.5768463987,
        6827.510103352559
    ],
    "es": [
        101.65661455456967,
        354.40903210825206,
        609.1915895619641,
        862.9590770656612,
        1116.7265645693583,
        1372.5241919730852,
        1629.3368893268266,
        1886.149586680568,
        2141.947214084295,
        2400.790051338066,
        2660.647958541852,
        2922.5360056456675,
        3187.469262599527,
        3456.4627993534464,
        3724.4412661573506,
        3992.4197329612543,
        4260.398199765159,
        4524.316386769004,
        4789.249643722864,
        5055.197970626738,
        5319.116157630583,
        5585.064484534458,
        5851.012811438332,
        6117.9762082922225,
        6385.954675096126,
        6650.887932049986,
        6915.821189003846
    ]
}