{
    "ed": [
        72.17867950606336,
        295.4940685093169,
        517.7943875625556,
        741.1097765658092,
        964.4251655690625,
        1188.755624522331,
        1414.101153425614,
        1639.446682328897,
        1865.8072811821949,
        2092.167880035493,
        2317.5134089387757,
        2543.874007792074,
        2770.2346066453715,
        2997.610275448684,
        3224.985944251997,
        3452.3616130553096,
        3680.752351808637,
        3909.1430905619645,
        4138.548899265306,
        4366.9396380186345,
        4596.345446721976,
        4825.751255425319,
        5055.157064128661,
        5284.562872832003,
        5513.968681535345,
        5743.374490238688,
        5973.795368892044,
        6204.2162475454015,
        6430.5768463987,
        6664.042934902101,
        6898.524093355517,
        7133.005251808933,
        7370.531620112394,
        7609.073058365869,
        7848.62956656936,
        8089.201144722863,
        8327.74258297634,
        8567.29909117983,
        8803.810389533275,
        9041.336757836736,
        9276.832986240166,
        9511.314144693582,
        9744.780233196985,
        9977.23125175037,
        10210.697340253773,
        10444.163428757174
    ],
    "es": [
        156.4294853572908,
        378.7298044105295,
        602.0451934137831,
        825.3605824170365,
        1048.6759714202901,
        1273.0064303735583,
        1498.3519592768414,
        1723.6974881801243,
        1950.0580870334225,
        2176.41868588672,
        2402.7792847400183,
        2629.139883593316,
        2855.5004824466137,
        3082.8761512499264,
        3310.251820053239,
        3538.6425588065667,
        3767.033297559894,
        3996.4391062632367,
        4224.829845016564,
        4453.220583769891,
        4682.626392473234,
        4913.04727112659,
        5142.453079829933,
        5371.858888533275,
        5601.264697236617,
        5829.655435989945,
        6060.076314643302,
        6290.497193296658,
        6514.827652249927,
        6746.263600853299,
        6979.7296893567,
        7214.210847810116,
        7452.752286063592,
        7691.293724317067,
        7931.865302470573,
        8172.436880624076,
        8413.008458777582,
        8651.549897031056,
        8890.091335284533,
        9126.602633637978,
        9362.09886204141,
        9596.580020494825,
        9831.061178948241,
        10064.527267451644,
        10296.978286005029
    ]
}