{
    "ed": [
        49.96226759804813,
        290.53384575155314,
        530.0903539550432,
        768.6317922085186,
        1008.1883004120091,
        1248.7598785655136,
        1489.3314567190182,
        1732.9482447225682,
        1977.580102676132,
        2224.2421005297256,
        2473.949308233364,
        2722.6414459869866,
        2970.3185137905957,
        3219.0106515442185,
        3466.6877193478267,
        3713.3497172014204,
        3960.011715055014,
        4205.658642958593,
        4452.320640812187,
        4697.967568715766,
        4944.62956656936,
        5191.291564422952,
        5438.968632226561,
        5685.630630080155,
        5933.3076978837635,
        6180.984765687372,
        6426.631693590951,
        6673.293691444544,
        6918.940619348123,
        7164.587547251702,
        7408.204335255252,
        7651.8211232588,
        7894.422841312335,
        8136.009489415856,
        8376.58106756936,
        8617.152645722865,
        8857.72422387637,
        9098.295802029874,
        9337.852310233364,
        9577.408818436854,
        9814.935186740315,
        10051.44648509376,
        10288.972853397221,
        10525.484151750667,
        10760.980380154098,
        10996.476608557528,
        11232.987906910976,
        11467.469065364392,
        11702.965293767822,
        11937.446452221238,
        12171.927610674655,
        12407.423839078085,
        12641.904997531501,
        12877.401225934933,
        13112.897454338363,
        13349.408752691808,
        13585.920051045254,
        13822.4313493987,
        14058.942647752148,
        14295.453946105594,
        14529.935104559008,
        14764.416263012426,
        14998.897421465841,
        15234.393649869271,
        15469.889878272701,
        15705.386106676135,
        15940.882335079565,
        16176.378563482995,
        16411.87479188643,
        16648.386090239874,
        16884.89738859332,
        17121.408686946765,
        17356.904915350195,
        17592.401143753625,
        17826.882302207043,
        18061.363460660457
    ],
    "es": [
        136.24321334930528,
        375.7997215527953,
        616.3712997063003,
        854.9127379597758,
        1094.4692461632658,
        1334.0257543667558,
        1575.6124024702758,
        1818.2141205238104,
        2062.845978477374,
        2310.5230462809823,
        2559.215184034606,
        2807.9073217882287,
        3055.584389591838,
        3305.291597295475,
        3552.9686650990843,
        3799.630662952678,
        4046.2926608062717,
        4292.954658659865,
        4538.601586563444,
        4785.263584417037,
        5031.925582270631,
        5278.5875801242255,
        5526.264647927834,
        5772.9266457814265,
        6020.603713585035,
        6268.280781388643,
        6513.927709292222,
        6760.589707145817,
        7006.236635049396,
        7251.883562952973,
        7496.515420906539,
        7740.132208910087,
        7981.718857013608,
        8223.305505117127,
        8463.877083270632,
        8705.463731374151,
        8946.035309527657,
        9185.591817731147,
        9426.16339588465,
        9664.704834138127,
        9902.231202441588,
        10139.757570745047,
        10376.268869098494,
        10612.78016745194,
        10849.291465805385,
        11084.787694208815,
        11320.283922612247,
        11555.780151015677,
        11790.261309469093,
        12024.74246792251,
        12259.223626375926,
        12494.719854779358,
        12729.201013232774,
        12964.697241636204,
        13200.193470039634,
        13436.70476839308,
        13673.216066746529,
        13909.727365099974,
        14146.23866345342,
        14382.749961806865,
        14617.23112026028,
        14851.712278713698,
        15086.193437167112,
        15320.67459562053,
        15556.17082402396,
        15791.66705242739,
        16027.16328083082,
        16262.659509234254,
        16499.1708075877,
        16734.66703599113,
        16971.178334344575,
        17207.68963269802,
        17443.18586110145,
        17678.682089504884,
        17913.1632479583
    ]
}