{
    "ed": [
        47.1547892436472,
        372.4665258651047,
        695.4710870495306,
        1018.4756482339565,
        1343.0183263764034,
        1669.0991214768715,
        2002.1014428884346,
        2335.872822779008,
        2678.8729044177076,
        3016.4895767033336,
        3359.4896583420336,
        3670.9583423413014,
        3974.7364415504635,
        4310.045938399058,
        4620.745563919316,
        4926.83083856551,
        5239.068581043788
    ],
    "es": [
        143.2870991199644,
        468.5988357414219,
        791.6033969258478,
        1114.6079581102738,
        1439.1506362527207,
        1765.2314313531888,
        2098.2337527647514,
        2431.2360741763146,
        2775.005214294025,
        3111.8528281006406,
        3447.162324949235,
        3757.861950469492,
        4051.642289451518,
        4399.256721964281,
        4711.49446444256,
        5019.117856046774,
        5331.355598525052
    ]
}