{
    "ed": [
        239.09188361408815,
        535.4165390505368,
        830.2098009188376,
        1123.4716692189904,
        1419.0306278713615,
        1715.3552833078102,
        2012.4456355283291,
        2309.5359877488518,
        2605.0949464012265,
        2899.8882082695236,
        3193.9157733537504,
        3489.474732006125,
        3787.330781010718,
        4084.4211332312407,
        4380.745788667689,
        4677.070444104134,
        4971.098009188361,
        5265.891271056662,
        5562.981623277181,
        5860.0719754977035,
        6157.9280245022965,
        6455.018376722819,
        6751.343032159264,
        7045.370597243491,
        7340.929555895866,
        7638.785604900459,
        7935.875957120981,
        8232.9663093415,
        8530.822358346097,
        8826.381316998468,
        9120.408882082695,
        9417.499234303217,
        9714.589586523736,
        10012.44563552833,
        10310.301684532926,
        10607.392036753445,
        10902.185298621745,
        11196.978560490046,
        11494.068912710565,
        11791.159264931088,
        12089.01531393568,
        12386.871362940277,
        12683.196018376722,
        12977.989280245023,
        13272.782542113324,
        13569.872894333843,
        13866.963246554365,
        14164.053598774884,
        14461.143950995407,
        14757.468606431852,
        15051.496171516079,
        15347.055130168454,
        15644.145482388973,
        15941.235834609495,
        16238.326186830014,
        16535.416539050537,
        16830.975497702908,
        17125.00306278714,
        17421.327718223583,
        17718.418070444102,
        18016.274119448695,
        18313.36447166922,
        18609.689127105667,
        18904.482388973964,
        19199.275650842268,
        19496.366003062787,
        19793.456355283306
    ],
    "es": [
        66.04441041347673,
        363.1347626339957,
        659.4594180704444,
        954.2526799387451,
        1247.514548238898,
        1543.0735068912727,
        1840.1638591117917,
        2137.2542113323107,
        2434.3445635528333,
        2729.903522205208,
        3023.931087289435,
        3317.9586523736616,
        3614.2833078101066,
        3911.3736600306293,
        4208.464012251148,
        4505.554364471671,
        4800.347626339968,
        5095.140888208269,
        5389.1684532924955,
        5687.024502297092,
        5984.114854517611,
        6281.970903522204,
        6579.061255742727,
        6873.854517611027,
        7168.6477794793245,
        7464.206738131699,
        7761.297090352222,
        8059.153139356815,
        8357.009188361408,
        8653.333843797856,
        8948.892802450231,
        9242.920367534458,
        9539.245022970903,
        9837.86676875957,
        10135.722817764166,
        10432.813169984685,
        10729.137825421134,
        11024.696784073505,
        11318.724349157732,
        11615.814701378255,
        11913.670750382847,
        12211.526799387444,
        12508.617151607963,
        12804.176110260338,
        13098.969372128638,
        13393.762633996936,
        13691.618683001532,
        13989.474732006125,
        14286.565084226648,
        14582.889739663093,
        14878.448698315467,
        15172.476263399694,
        15468.035222052069,
        15765.891271056662,
        16062.981623277181,
        16360.071975497704,
        16657.162327718223,
        16951.189892802453,
        17245.98315467075,
        17541.54211332312,
        17839.39816232772,
        18137.254211332314,
        18434.344563552833,
        18730.66921898928,
        19025.462480857583,
        19319.490045941806,
        19616.580398162325
    ]
}