{
    "ed": [
        83.63222869781998,
        462.6594177106547,
        838.5541506159454,
        1216.015111575008,
        1602.090326829817,
        1988.165542084626,
        2379.722555527637,
        2772.062682997534,
        3170.6677226825195,
        3567.706534313733,
        3965.5284599718316,
        4364.916613683703,
        4768.220337530004,
        5171.524061376306,
        5574.827785222607,
        5978.914623095795,
        6372.0378645925775,
        6763.594878035589,
        7148.886979263512,
        7530.263510357005,
        7910.856927423611,
        8287.534774355789,
        8659.513937126649,
        9024.445073655535,
        9383.111297969333,
        9738.645066175588,
        10090.263264247411,
        10435.616550104147,
        10777.83737985334,
        11115.359525441214,
        11450.532328948431,
        11782.572676348105,
        12110.697453613348,
        12435.689774771048,
        12756.766525794317
    ],
    "es": [
        187.7863942736609,
        566.8135832864957,
        943.4914302186723,
        1320.169277150849,
        1706.244492405658,
        2091.5365936335807,
        2483.093607076592,
        2875.433734546489,
        3274.82188825836,
        3670.2944718358012,
        4068.116397493901,
        4467.504551205772,
        4870.808275052073,
        5273.328884871489,
        5676.63260871779,
        6079.936332564092,
        6471.493346007102,
        6863.050359450114,
        7248.342460678036,
        7629.7189917715295,
        8009.529294811251,
        8385.42402771654,
        8757.403190487401,
        9121.551212989401,
        9480.2174373032,
        9835.751205509454,
        10186.586289554392,
        10531.939575411128,
        10873.377291133433,
        11210.899436721309,
        11546.072240228526,
        11876.546359574428,
        12205.454250866556,
        12529.66345799737,
        12850.74020902064
    ]
}