{
    "ed": [
        31.045619914868837,
        245.7545042499636,
        459.44096532631977,
        674.1498496614145,
        887.8363107377709,
        1102.5451950728655,
        1316.2316561492219,
        1530.9405404843164,
        1744.6270015606729,
        1959.3358858957677,
        2173.0223469721236,
        2387.7312313072184,
        2602.4401156423132,
        2816.1265767186696,
        3060.485735557182,
        3281.3291594447082,
        3492.9707740035874,
        3708.70208159742,
        3922.388542673777,
        4137.097427008872,
        4351.806311343967,
        4566.515195679061,
        4781.224080014155,
        4995.93296434925,
        5209.619425425607,
        5424.328309760702,
        5639.037194095797,
        5853.746078430891,
        6068.454962765986,
        6283.16384710108,
        6497.872731436175,
        6712.58161577127,
        6927.290500106365,
        7141.999384441459,
        7355.685845517816,
        7570.39472985291,
        7785.103614188005,
        7999.812498523101,
        8214.521382858195
    ],
    "es": [
        122.0412899425994,
        335.7277510189557,
        550.4366353540504,
        764.1230964304066,
        977.8095575067628,
        1192.5184418418576,
        1406.2049029182137,
        1619.8913639945702,
        1834.6002483296647,
        2048.286709406021,
        2262.995593741116,
        2476.682054817472,
        2691.3909391525667,
        2905.077400228923,
        3149.4365590674356,
        3368.2351364374845,
        3582.9440207725793,
        3797.652905107674,
        4012.361789442769,
        4227.070673777864,
        4441.7795581129585,
        4656.488442448053,
        4870.174903524409,
        5084.883787859504,
        5299.592672194599,
        5514.301556529694,
        5729.0104408647885,
        5943.719325199883,
        6157.405786276239,
        6372.114670611334,
        6586.823554946429,
        6801.532439281524,
        7016.2413236166185,
        7230.950207951713,
        7445.659092286808,
        7660.367976621903,
        7874.054437698258,
        8089.7857452920925,
        8304.494629627186
    ]
}