{
    "ed": [
        14.647821294215248,
        450.58829176246184,
        901.754624250739,
        1672.6640591596602,
        2098.988195720519,
        2542.942277778255,
        2998.9167772202263,
        3452.4871931853504,
        3928.495721601046,
        4391.6824714735585
    ],
    "es": [
        122.03021659337895,
        545.1489085184418,
        995.5138798477699,
        1769.6287593924872,
        2192.74745131755,
        2636.701533375286,
        3093.4773939762063,
        3545.4450876234328,
        4021.453616039128
    ]
}