{
    "ed": [
        102.14090985923156,
        352.54038510150883,
        602.1764473095109,
        851.812509517513,
        1101.448571725515,
        1351.0846339335171,
        1600.7206961415193,
        1851.1201713837966,
        2099.9928205575234,
        2350.3922957998006,
        2600.0283580078026,
        2849.664420215805
    ],
    "es": [
        197.567539143636,
        447.96701438591333,
        697.6030765939154,
        947.2391388019175,
        1196.8752010099195,
        1446.5112632179216,
        1696.1473254259236,
        1945.783387633926,
        2195.419449841928,
        2445.818925084205,
        2694.6915742579317,
        2945.091049500209
    ]
}