{
    "ed": [
        304.00787401574803,
        623.6929133858267,
        943.3779527559055,
        1263.0629921259842,
        1585.1102362204724,
        1904.7952755905512,
        2225.267716535433,
        2544.952755905512,
        2865.4251968503936,
        3186.685039370079,
        3507.1574803149606,
        3827.6299212598424,
        4148.102362204724
    ],
    "es": [
        111.88188976377953,
        429.99212598425197,
        750.4645669291339,
        1072.5118110236222,
        1392.984251968504,
        1711.8818897637796,
        2030.7795275590552,
        2351.251968503937,
        2673.299212598425,
        2994.5590551181103,
        3315.031496062992,
        3633.1417322834645,
        3953.6141732283463,
        4275.6614173228345
    ]
}