{
    "ed": [
        317.0,
        646.3650793650794,
        974.936507936508,
        1304.3015873015872,
        1634.4603174603174,
        1964.6190476190477,
        2292.3968253968255,
        2621.7619047619046,
        2950.3333333333335,
        3280.4920634920636,
        3609.8571428571427,
        3937.6349206349205,
        4267.0
    ],
    "es": [
        113.82539682539684,
        442.3968253968254,
        773.3492063492064,
        1104.3015873015872,
        1433.6666666666667,
        1761.4444444444443,
        2089.222222222222,
        2419.3809523809523,
        2750.3333333333335,
        3079.6984126984125,
        3406.6825396825398,
        3734.4603174603176,
        4064.6190476190477,
        4394.777777777777
    ]
}