{
    "ed": [
        287.0612557427259,
        590.2771822358346,
        895.0245022970904,
        1199.771822358346,
        1505.2848392036753,
        1811.5635528330781,
        2116.310872894334,
        2420.292496171516,
        2724.2741194486985,
        3028.2557427258807,
        3333.0030627871365,
        3637.750382848392,
        3943.263399693721,
        4248.010719754977,
        4551.226646248086,
        4855.208269525268,
        5159.955589586524,
        5464.702909647779
    ],
    "es": [
        110.1852986217458,
        414.166921898928,
        718.1485451761102,
        1022.895865237366,
        1329.1745788667688,
        1634.687595712098,
        1940.9663093415008,
        2244.1822358346094,
        2547.398162327718,
        2851.3797856049005,
        3156.8928024502297,
        3462.405819295559,
        3767.153139356815,
        4071.9004594180706,
        4375.116385911179,
        4678.332312404288,
        4982.31393568147,
        5287.8269525268,
        5594.1056661562025
    ]
}