{
    "ed": [
        300.58895705521473,
        618.8404907975461,
        938.6257668711656,
        1257.644171779141,
        1577.4294478527606,
        1895.6809815950921,
        2212.398773006135,
        2530.6503067484664,
        2848.9018404907974,
        3168.687116564417,
        3488.472392638037,
        3806.723926380368,
        4124.208588957055,
        4441.693251533742,
        4759.944785276074,
        5078.963190184049
    ],
    "es": [
        109.63803680981596,
        427.1226993865031,
        746.1411042944785,
        1065.926380368098,
        1385.7116564417179,
        1704.7300613496932,
        2021.4478527607362,
        2338.9325153374234,
        2657.1840490797545,
        2976.969325153374,
        3295.98773006135,
        3616.5398773006136,
        3932.4907975460123,
        4249.9754601227,
        4567.460122699386,
        4887.245398773006,
        5206.263803680981
    ]
}