{
    "ed": [
        111.5483870967742,
        287.431643625192,
        463.31490015360987,
        639.1981566820276,
        814.3133640552995,
        990.1966205837173,
        1166.0798771121351,
        1341.963133640553,
        1517.8463901689709,
        1692.9615975422428,
        1868.8448540706606,
        2044.7281105990783,
        2220.611367127496,
        2396.494623655914,
        2572.377880184332,
        2748.2611367127497,
        2924.1443932411676,
        3100.0276497695854,
        3275.9109062980033,
        3451.7941628264207,
        3628.4454685099845,
        3804.3287250384024,
        3980.21198156682,
        4156.863287250384,
        4332.746543778801
    ],
    "es": [
        35.51152073732719,
        212.16282642089095,
        388.8141321044547,
        564.6973886328725,
        740.5806451612904,
        916.4639016897081,
        1091.57910906298,
        1266.694316436252,
        1441.041474654378,
        1616.1566820276498,
        1792.8079877112136,
        1969.4592933947774,
        2145.3425499231953,
        2321.9938556067586,
        2497.8771121351765,
        2673.7603686635944,
        2848.8755760368663,
        3023.990783410138,
        3198.337941628264,
        3375.757296466974,
        3552.4086021505377,
        3729.0599078341015,
        3905.7112135176653,
        4082.3625192012287,
        4258.245775729647
    ]
}