{
    "ed": [
        142.84097859327218,
        294.217125382263,
        445.59327217125383,
        596.2048929663608,
        747.5810397553516,
        898.9571865443426,
        1049.5688073394494,
        1200.9449541284403,
        1352.3211009174313,
        1502.9327217125383,
        1654.308868501529,
        1805.68501529052,
        1957.0611620795107,
        2108.4373088685015,
        2259.8134556574923,
        2410.4250764525996,
        2561.8012232415904,
        2713.177370030581,
        2864.553516819572,
        3015.929663608563,
        3166.5412844036696,
        3317.9174311926604,
        3469.293577981651,
        3620.669724770642,
        3772.045871559633,
        3923.422018348624,
        4074.0336391437313,
        4225.409785932722,
        4376.785932721713,
        4528.162079510704,
        4679.5382262996945,
        4830.149847094801,
        4981.525993883792,
        5132.9021406727825,
        5284.278287461773,
        5435.654434250764,
        5587.030581039755,
        5738.406727828747,
        5889.018348623853,
        6040.394495412844,
        6191.770642201835,
        6343.146788990825,
        6493.758409785933,
        6645.134556574923,
        6796.510703363914,
        6947.122324159021,
        7098.498470948012,
        7249.874617737003,
        7401.250764525994,
        7551.862385321101,
        7703.238532110092,
        7854.614678899083,
        8005.9908256880735,
        8156.602446483181,
        8307.978593272172,
        8459.354740061162,
        8575.5626911315,
        8758.284403669724,
        8912.718654434251,
        9063.330275229358,
        9214.70642201835,
        9365.318042813456,
        9516.694189602447,
        9667.305810397553,
        9818.681957186544,
        9969.29357798165
    ],
    "es": [
        66.38837920489297,
        217.0,
        366.08256880733944,
        517.4587155963303,
        668.8348623853211,
        820.2110091743119,
        971.5871559633027,
        1123.7278287461775,
        1275.1039755351683,
        1426.480122324159,
        1577.85626911315,
        1729.2324159021407,
        1879.8440366972477,
        2029.691131498471,
        2180.302752293578,
        2331.678899082569,
        2483.8195718654433,
        2635.195718654434,
        2786.571865443425,
        2937.9480122324157,
        3090.0886850152906,
        3241.4648318042814,
        3392.840978593272,
        3543.452599388379,
        3693.2996941896026,
        3843.9113149847094,
        3996.0519877675843,
        4147.428134556575,
        4298.804281345566,
        4450.94495412844,
        4602.321100917431,
        4753.697247706422,
        4905.073394495413,
        5057.214067278287,
        5207.825688073394,
        5356.908256880734,
        5508.284403669725,
        5659.660550458716,
        5811.036697247707,
        5963.177370030581,
        6114.553516819572,
        6265.929663608563,
        6417.305810397554,
        6568.681957186544,
        6720.058103975535,
        6870.6697247706425,
        7020.516819571865,
        7171.128440366972,
        7322.504587155963,
        7473.880733944954,
        7625.256880733945,
        7777.397553516819,
        7928.77370030581,
        8079.385321100917,
        8231.525993883792,
        8382.902140672782,
        8533.51376146789,
        8633.666666666666,
        8837.795107033638,
        8983.055045871559,
        9136.724770642202,
        9288.100917431193,
        9439.477064220184,
        9590.853211009175,
        9742.229357798165,
        9893.605504587156,
        10044.981651376147
    ]
}