{
    "ed": [
        91.28485246133025,
        400.8176674526263,
        707.9755503595902,
        1014.3417892384434,
        1320.7080281172966,
        1627.0742669961496,
        1936.6070819874458,
        2247.7231850349635,
        2559.630932110592,
        2873.9136112705523,
        3189.779578486734,
        3504.8539016748055,
        3824.678089031541
    ],
    "es": [
        211.61474473416143,
        520.3559156973469,
        828.3054426324214,
        1133.880037483164,
        1439.4546323339064,
        1746.6125152408702,
        2056.145330232166,
        2366.4697892515733,
        2678.3775363272016,
        2993.4518595152726,
        3308.5261827033437,
        3623.600505891415
    ]
}