{
    "ed": [
        140.62334249110236,
        379.604415926612,
        620.1681454775885,
        860.7318750285651,
        1102.0869326372751,
        1343.4419902459852,
        1586.3797039701622,
        1829.3174176943392,
        2073.0464594762498,
        2317.5668293158933
    ],
    "es": [
        35.376710812550115,
        252.20059863152238,
        491.97300012476546,
        731.7454016180086,
        972.3091311689852,
        1213.6641887776952,
        1455.8105744441386,
        1697.9569601105823,
        1940.8946738347593,
        2186.2063717321366,
        2425.1874451676463
    ]
}