{
    "ed": [
        167.68742278844167,
        398.07352578740586,
        629.2513336076723,
        861.220846249241,
        1090.815244426903,
        1324.3681667110764,
        1559.5044986378543,
        1793.0574209220276,
        2028.1937528488056,
        2264.1217895968857,
        2496.883007059757,
        2730.43592934393,
        2962.405441985499,
        3191.999840163161,
        3422.385943162125,
        3651.980341339787,
        3879.9913298748443,
        4105.627203945995,
        4330.471373195843,
        4556.107247266994,
        4781.743121338144,
        5008.9624050519,
        5236.973393586956,
        5467.359496585921,
        5697.745599584885,
        5930.506817047756,
        6164.059739331929,
        6382.57027001136,
        6602.664210333394,
        6869.468735112263,
        7112.5221152520635
    ],
    "es": [
        25.9722597753331,
        255.566657952995,
        486.7444657732615,
        717.1305687722257,
        948.3083765924923,
        1179.4861844127588,
        1413.8308115182344,
        1646.5920289811054,
        1879.3532464439763,
        2114.4895783707543,
        2348.0425006549276,
        2581.595422939101,
        2814.356640401972,
        3047.1178578648432,
        3276.712256042505,
        3506.306654220167,
        3736.692757219131,
        3967.0788602180955,
        4195.089848753153,
        4420.725722824303,
        4646.361596895454,
        4871.205766145302,
        5097.633345037755,
        5325.644333572812,
        5555.2387317504745,
        5785.624834749438,
        6017.594347391007,
        6251.938974496483,
        6471.241209997215,
        6689.751740676645,
        6954.97285581291
    ]
}