{
    "ed": [
        39.571856165373134,
        299.9187871596866,
        564.2223584426674,
        827.7346016679147,
        1088.8728607199616,
        1351.5937758874757,
        1617.4800032859234,
        1885.7402148575716,
        2156.37441060242,
        2427.799934405002,
        2699.2254582075843,
        2972.233638125633,
        3246.033146101416,
        3519.8326540771986,
        3794.4234901107143,
        4065.8490139132964,
        4338.065865773612,
        4611.865373749395,
        4881.7082414365095,
        5144.429156604024,
        5401.610775367403,
        5661.166378303983,
        5919.93065318283,
        6181.068912234877,
        6445.372483517857,
        6712.841367031772
    ],
    "es": [
        158.2710648253945,
        417.8266677619745,
        683.7128951604222,
        945.6424822702027,
        1208.3633974377165,
        1470.2929845474969,
        1734.5965558304777,
        2001.2741112866588,
        2269.534322858307,
        2540.168518603156,
        2810.8027143480044,
        3083.8108942660533,
        3358.4017302995694,
        3632.9925663330855,
        3907.5834023666016,
        4180.591582284651,
        4452.808434144966,
        4726.607942120749,
        4999.616122038798,
        5265.502349437245,
        5525.057952373825,
        5783.822227252672,
        6041.795174073785,
        6302.9334331258315,
        6566.445676351079
    ]
}