{
    "ed": [
        309.00741161071267,
        795.2662740620342,
        1272.6400077974677,
        1762.9375651196474,
        2263.735729106058,
        2742.724940789835,
        3219.290935551097,
        3712.011709795791,
        4209.578917885516,
        4705.530648026896,
        5176.442469968957,
        5599.697692434891,
        5963.987969786297,
        6354.933633285365,
        6925.197349050537,
        7476.075329435589,
        8009.990791363036,
        8562.484249696432,
        9042.28120035438,
        9455.035816156083,
        10000.259623721933,
        10537.406041546068,
        11051.128029119225,
        11558.388104899008
    ],
    "es": [
        430.9759967106288,
        915.6193812136071,
        1392.9931149490405,
        1884.0984112453916,
        2384.8965752318027,
        2863.078047941408,
        3340.451781676841,
        3833.9802948957076,
        4329.932025037088,
        4823.460538255955,
        5292.756882249671,
        5711.165670870576,
        6073.840470273638,
        6463.978394798536,
        7037.473066460393,
        7588.351046845445,
        8118.2278139020345,
        8675.56770608046,
        9162.634307505952,
        9572.157967410969,
        10122.228208821849,
        10658.566887671812,
        11173.096614219141,
        11681.164428973096
    ]
}