{
    "ed": [
        212.67722605998682,
        700.5515664596516,
        1184.3872119884581,
        1662.5686846980632,
        2144.7888522785265,
        2638.3173654973925,
        3123.7684889745424,
        3604.373178606663
    ],
    "es": [
        333.03033321155976,
        820.9046736112244,
        1305.5480581142026,
        1782.9217918496363,
        2265.949698404271,
        2758.6704726489656,
        3244.929335100287,
        3725.534024732407
    ]
}