{
    "ed": [
        291.01335408437285,
        789.3757697489655,
        1305.3867701166885,
        1793.664280236635,
        2302.1116014458735,
        2813.920557836661,
        3328.2507406136097,
        3792.996804462715,
        4216.5628373378495,
        4662.8199076884375,
        5155.29946178532,
        5652.821468654525,
        6083.951180688144,
        6607.525860214351,
        7173.120979509918,
        7695.855250240738,
        8190.0156219283945,
        8712.749892659216,
        9228.760893026938,
        9731.325352668468,
        10220.443271583801,
        10732.252227974588
    ],
    "es": [
        416.2342645970614,
        920.479541829364,
        1426.405636652441,
        1915.5235555677746,
        2423.130467981626,
        2930.7373803954774,
        3445.067563172426,
        3907.2924006353705,
        4328.337207124343,
        4774.594277474931,
        5267.9142403672,
        5765.436247236406,
        6194.044732883864,
        6772.245984110237,
        7329.437015451932,
        7810.991255208781,
        8311.874897259535,
        8838.811211967291,
        9351.460577153466,
        9849.822992818057,
        10344.823773301101,
        10854.111503305727
    ]
}