{
    "ed": [
        29.285714285714278,
        228.21044546851,
        427.13517665130564,
        624.5238095238095,
        821.9124423963134,
        1019.3010752688172,
        1217.457757296467,
        1415.6144393241168,
        1613.7711213517666,
        1811.9278033794162,
        2010.852534562212,
        2209.7772657450078,
        2407.1658986175116,
        2604.5545314900155,
        2802.7112135176653,
        3000.8678955453147,
        3199.0245775729645,
        3397.9493087557603,
        3596.874039938556,
        3795.798771121352,
        3993.955453149001,
        4192.1121351766515,
        4390.268817204301,
        4588.425499231951,
        4787.350230414747,
        4986.274961597543,
        5185.1996927803375,
        5384.89247311828,
        5583.817204301075,
        5781.973886328725,
        5980.130568356375,
        6179.055299539171,
        6377.980030721967,
        6576.9047619047615,
        6775.829493087557,
        6975.522273425499,
        7175.215053763441,
        7374.139784946236,
        7572.296466973887
    ],
    "es": [
        136.04454685099847,
        332.6651305683564,
        530.0537634408602,
        728.21044546851,
        926.3671274961598,
        1125.2918586789554,
        1323.4485407066052,
        1521.605222734255,
        1720.5299539170508,
        1917.9185867895544,
        2115.3072196620583,
        2312.695852534562,
        2511.620583717358,
        2709.7772657450078,
        2908.7019969278035,
        3106.8586789554533,
        3305.7834101382487,
        3504.7081413210444,
        3701.3287250384024,
        3899.485407066052,
        4098.410138248848,
        4297.334869431644,
        4495.491551459293,
        4695.184331797235,
        4894.109062980031,
        5092.26574500768,
        5290.422427035331,
        5487.8110599078345,
        5686.735791090629,
        5886.428571428572,
        6085.353302611367,
        6284.278033794163,
        6483.202764976959,
        6682.8955453149,
        6881.820276497696,
        7079.2089093702,
        7278.1336405529955,
        7477.826420890937
    ]
}