{
    "ed": [
        249.54211332312406,
        499.15926493108725,
        749.542113323124,
        999.1592649310874,
        1248.0107197549771,
        1499.1592649310874,
        1751.8392036753446,
        2002.9877488514549,
        2253.3705972434914,
        2503.7534456355284,
        2754.136294027565,
        3003.7534456355284,
        3253.3705972434914,
        3504.519142419602,
        3757.1990811638593,
        4008.3476263399693,
        4259.49617151608,
        4509.879019908117,
        4759.49617151608,
        5009.113323124043,
        5258.730474732006
    ],
    "es": [
        114.01378254211332,
        365.1623277182236,
        615.5451761102603,
        865.928024502297,
        1116.310872894334,
        1366.6937212863706,
        1616.310872894334,
        1865.1623277182237,
        2117.842266462481,
        2368.2251148545174,
        2619.373660030628,
        2870.522205206738,
        3120.905053598775,
        3372.0535987748854,
        3620.905053598775,
        3871.287901990812,
        4123.202143950995,
        4374.350689127105,
        4625.499234303216,
        4875.882082695252,
        5126.264931087289,
        5376.647779479326
    ]
}