{
    "ed": [
        222.7427258805513,
        446.32618683001533,
        669.9096477794793,
        892.7274119448698,
        1115.5451761102604,
        1339.1286370597243,
        1563.4777947932619,
        1787.8269525267995,
        2012.1761102603368,
        2234.9938744257274,
        2457.811638591118,
        2680.6294027565086,
        2903.4471669218988,
        3125.499234303216,
        3347.551301684533,
        3570.3690658499236,
        3793.9525267993877,
        4016.770290964778,
        4238.822358346095,
        4460.874425727412,
        4682.160796324655,
        4903.447166921899,
        5124.733537519142
    ],
    "es": [
        102.52833078101071,
        326.87748851454825,
        551.2266462480858,
        775.5758039816233,
        999.1592649310874,
        1222.7427258805512,
        1446.3261868300153,
        1669.143950995406,
        1891.1960183767228,
        2114.779479326187,
        2339.1286370597245,
        2563.477794793262,
        2787.0612557427257,
        3009.8790199081163,
        3232.696784073507,
        3454.748851454824,
        3676.8009188361407,
        3897.321592649311,
        4120.139356814701,
        4342.9571209800915,
        4565.774885145483,
        4787.8269525268,
        5009.879019908117,
        5231.931087289433
    ]
}