{
    "ed": [
        62.91562193285884,
        352.6242812192081,
        641.3164188940262,
        930.0085565688444,
        1217.6841726321315,
        1506.3763103069498,
        1794.051926370237,
        2081.727542433524,
        2369.403158496811,
        2657.0787745600983
    ],
    "es": [
        170.66691275515012,
        460.37557204149937,
        749.0677097163176,
        1036.7433257796047,
        1325.435463454423,
        1613.11107951771,
        1900.7866955809973,
        2189.4788332558155,
        2477.1544493191027,
        2763.813543770859
    ]
}