{
    "ed": [
        314.9938271604938,
        639.0679012345679,
        962.3703703703703,
        1285.6728395061727,
        1609.7469135802469,
        1936.1358024691358,
        2266.382716049383,
        2594.314814814815,
        2922.246913580247,
        3250.179012345679,
        3577.3395061728397,
        3905.2716049382716,
        4236.29012345679,
        4563.450617283951,
        4889.83950617284,
        5216.228395061728
    ],
    "es": [
        132.12345679012347,
        454.65432098765433,
        778.7283950617284,
        1102.8024691358025,
        1426.8765432098764,
        1752.4938271604938,
        2078.882716049383,
        2406.814814814815,
        2733.9753086419755,
        3062.679012345679,
        3390.6111111111113,
        3719.314814814815,
        4048.7901234567903,
        4377.493827160494,
        4703.111111111111,
        5030.271604938272
    ]
}