{
    "ed": [
        318.2269938650307,
        643.3803680981595,
        968.5337423312883,
        1294.4539877300613,
        1621.1411042944785,
        1950.1288343558283,
        2279.116564417178,
        2605.036809815951,
        2930.957055214724,
        3256.877300613497,
        3582.79754601227,
        3910.2515337423315,
        4239.239263803681,
        4565.159509202454,
        4891.079754601227
    ],
    "es": [
        133.41104294478527,
        459.3312883435583,
        784.4846625766871,
        1110.4049079754602,
        1436.3251533742332,
        1764.5460122699387,
        2093.5337423312885,
        2420.98773006135,
        2746.1411042944787,
        3072.8282208588957,
        3398.7484662576685,
        3726.20245398773,
        4054.4233128834358,
        4381.110429447853,
        4706.263803680981,
        5032.950920245399
    ]
}