{
    "ed": [
        229.26993865030676,
        477.7361963190184,
        728.5030674846626,
        979.2699386503067,
        1233.8711656441717,
        1495.3742331288342,
        1745.3742331288342,
        2004.5766871165645,
        2266.079754601227,
        2530.6503067484664,
        2794.4539877300613,
        3062.0920245398775,
        3332.030674846626,
        3598.134969325153,
        3861.1717791411043,
        4124.9754601227,
        4389.546012269939,
        4653.349693251534,
        4919.453987730061,
        5186.325153374233,
        5450.128834355828,
        5712.398773006135,
        5974.668711656442,
        6236.171779141105,
        6497.674846625767,
        6761.478527607362,
        7026.815950920245,
        7289.852760736197,
        7549.82208588957,
        7799.82208588957,
        8047.521472392638,
        8293.687116564417,
        8540.61963190184,
        8789.852760736196,
        9040.61963190184,
        9284.484662576688,
        9537.552147239263,
        9796.754601226994
    ],
    "es": [
        81.2638036809816,
        332.79754601226995,
        582.7975460122699,
        834.3312883435583,
        1085.0981595092026,
        1339.6993865030674,
        1600.435582822086,
        1848.1349693251534,
        2108.1042944785277,
        2371.9079754601225,
        2637.245398773006,
        2901.8159509202455,
        3169.4539877300613,
        3438.6257668711655,
        3703.196319018405,
        3966.2331288343557,
        4231.570552147239,
        4496.9079754601225,
        4760.711656441717,
        5026.049079754601,
        5292.1533742331285,
        5554.423312883436,
        5816.693251533742,
        6079.730061349694,
        6342.0,
        6603.503067484663,
        6867.306748466258,
        7131.110429447853,
        7391.8466257668715,
        7649.515337423313,
        7899.515337423313,
        8147.981595092025,
        8394.147239263804,
        8641.846625766872,
        8890.312883435583,
        9141.079754601227,
        9385.711656441717,
        9640.312883435583,
        9900.282208588957
    ]
}