{
    "ed": [
        359.1417565485362,
        731.2526964560863,
        1104.904468412943,
        1475.4745762711864,
        1847.5855161787365,
        2219.6964560862866,
        2592.57781201849,
        2968.5408320493066,
        3340.651771956857,
        3711.9922958397533,
        4085.64406779661,
        4459.295839753467,
        4833.718027734977,
        5208.140215716487,
        5581.02157164869,
        5953.13251155624,
        6326.013867488444,
        6703.517719568567,
        7074.858243451464,
        7445.428351309707,
        7818.3097072419105,
        8190.42064714946
    ],
    "es": [
        122.62403697996919,
        495.5053929121726,
        868.3867488443759,
        1242.0385208012326,
        1612.6086286594762,
        1984.7195685670263,
        2356.060092449923,
        2729.7118644067796,
        3105.674884437596,
        3477.015408320493,
        3849.1263482280433,
        4222.007704160246,
        4596.429892141757,
        4970.852080123266,
        5343.73343605547,
        5717.385208012327,
        6088.725731895223,
        6461.607087827427,
        6838.340523882896,
        7208.910631741141,
        7577.939907550077,
        7950.050847457627,
        8323.702619414484
    ]
}