{
    "ed": [
        235.68133791495347,
        485.1593463007739,
        732.2385276828718,
        983.3157540711545,
        1233.593371458206,
        1483.8709888452431,
        1731.7497792285867,
        1978.8289606106846,
        2223.5093149890745,
        2479.3841953847877,
        2733.6598577780096,
        2984.7370841662923,
        3232.615874549636,
        3478.8954469305027,
        3728.3734553163085,
        3977.0518547008833,
        4224.131036082981,
        4471.210217465079,
        4719.089007848423,
        4966.967798231752,
        5211.648152610142,
        5460.326551994716,
        5707.405733376829,
        5956.084132761389,
        6211.1594041558565,
        6463.036239545385,
        6715.7126839361445,
        6968.3891283268895,
        7211.470264702817,
        7453.751792077499,
        7700.830973459597,
        7951.90819984788,
        8183.794810206484,
        8425.276728579935,
        8674.75473696574,
        8924.232745351546,
        9178.508407744783,
        9427.986416130589,
        9678.26403351764,
        9930.9404779084,
        10179.618877292975,
        10433.094930684965,
        10688.969811080664,
        10928.852511451638,
        11183.128173844874,
        11426.209310220787,
        11675.687318606593,
        11924.365717991168,
        12179.440989385635,
        12428.11938877021,
        12675.998179153554,
        12917.48009752699,
        13156.563188896733,
        13406.84080628377,
        13644.324679651036,
        13890.604252031902,
        14140.881869418954,
        14387.161441799806,
        14633.441014180673,
        14881.319804564017,
        15127.599376944883,
        15376.277776329458,
        15622.55734871031,
        15871.235748094885,
        16127.91023749183
    ],
    "es": [
        74.95992866640154,
        330.0352000608691,
        575.5151634405047,
        824.9931718263106,
        1078.4692252183013,
        1326.3480156016449,
        1577.4252419899276,
        1822.9052053695486,
        2068.3851687491842,
        2318.662786136236,
        2574.5376665319345,
        2828.8133289251564,
        3077.491728309731,
        3324.5709096918436,
        3574.0489180776494,
        3822.727317462224,
        4069.006889843091,
        4316.88568022642,
        4563.964861608518,
        4811.843651991861,
        5057.323615371482,
        5305.202405754826,
        5553.08119613817,
        5800.959986521499,
        6051.23760390855,
        6307.112484304249,
        6555.790883688824,
        6810.866155083291,
        7056.346118462912,
        7306.623735849964,
        7545.706827219707,
        7791.986399600559,
        8042.26401698761,
        8267.753755336322,
        8518.031372723373,
        8766.709772107948,
        9017.78699849623,
        9271.263051888222,
        9519.941451272796,
        9771.818286662325,
        10022.095904049362,
        10271.573912435182,
        10525.849574828404,
        10775.32758321421,
        11021.607155595077,
        11268.686336977175,
        11515.765518359287,
        11766.043135746324,
        12017.919971135852,
        12270.596415526612,
        12518.475205909941,
        12767.153605294516,
        12999.839824654366,
        13250.117442041403,
        13492.398969416085,
        13734.680496790766,
        13982.55928717411,
        14232.037295559916,
        14479.91608594326,
        14726.195658324112,
        14972.475230704978,
        15218.754803085845,
        15467.43320247042,
        15712.913165850041,
        15964.79000123957,
        16215.067618626621
    ]
}