{
    "ed": [
        34.69230769230769,
        364.6923076923077,
        694.6923076923077,
        1029.3076923076924,
        1361.6153846153845,
        1692.3846153846155,
        2021.6153846153848,
        2350.846153846154,
        2681.6153846153848,
        3015.4615384615386,
        3347.0,
        3677.769230769231,
        4008.5384615384614,
        4337.7692307692305,
        4669.307692307692,
        5002.384615384615,
        5334.692307692308,
        5665.461538461538,
        5996.2307692307695,
        6327.0,
        6657.7692307692305,
        6990.846153846154,
        7322.384615384615,
        7653.923076923077,
        7983.923076923077,
        8313.923076923076,
        8645.461538461539,
        8977.76923076923,
        9309.307692307691,
        9640.846153846154
    ],
    "es": [
        172.3846153846154,
        502.38461538461536,
        833.9230769230769,
        1167.0,
        1497.0,
        1828.5384615384614,
        2158.5384615384614,
        2488.5384615384614,
        2820.846153846154,
        3152.3846153846152,
        3482.3846153846152,
        3813.923076923077,
        4144.692307692308,
        4474.692307692308,
        4807.0,
        5139.307692307692,
        5469.307692307692,
        5800.846153846154,
        6131.615384615385,
        6462.384615384615,
        6793.923076923077,
        7123.923076923077,
        7453.153846153846,
        7784.692307692308,
        8114.692307692308,
        8444.692307692309,
        8777.0,
        9107.0,
        9437.0,
        9768.538461538461
    ]
}