{
    "ed": [
        143.8759571209801,
        299.312404287902,
        453.98315467075037,
        609.4196018376723,
        764.0903522205207,
        918.7611026033691,
        1073.4318529862176,
        1228.102603369066,
        1382.7733537519143,
        1537.4441041347627,
        1692.114854517611,
        1846.7856049004595,
        2001.4563552833079,
        2156.1271056661562,
        2310.7978560490046,
        2464.7029096477795,
        2618.6079632465544,
        2773.278713629403,
        2927.1837672281777,
        3081.0888208269525,
        3234.9938744257274,
        3388.8989280245023,
        3543.5696784073507,
        3697.4747320061256,
        3851.3797856049005,
        4005.2848392036753,
        4159.18989280245,
        4313.094946401225,
        4466.234303215926,
        4620.139356814701,
        4774.044410413476,
        4927.183767228177,
        5081.0888208269525,
        5234.228177641654,
        5388.133231240428,
        5541.27258805513,
        5695.177641653905,
        5848.3169984686065,
        6001.456355283308,
        6154.595712098009,
        6307.735068912711,
        6460.874425727412,
        6614.013782542113,
        6767.153139356815,
        6920.292496171516,
        7073.431852986218,
        7222.742725880551,
        7378.944869831546,
        7532.084226646248,
        7685.223583460949
    ],
    "es": [
        61.946401225114855,
        217.38284839203675,
        372.05359877488513,
        527.490045941807,
        682.9264931087289,
        836.0658499234303,
        990.7366003062787,
        1145.407350689127,
        1300.843797856049,
        1455.5145482388973,
        1610.1852986217457,
        1764.856049004594,
        1919.5267993874427,
        2074.197549770291,
        2228.8683001531394,
        2383.539050535988,
        2535.9127105666157,
        2690.583460949464,
        2844.488514548239,
        2999.1592649310874,
        3153.8300153139357,
        3307.7350689127106,
        3462.405819295559,
        3616.310872894334,
        3770.215926493109,
        3924.1209800918837,
        4078.0260336906586,
        4230.399693721286,
        4384.304747320061,
        4538.209800918836,
        4692.114854517611,
        4846.7856049004595,
        4999.924961715161,
        5153.830015313935,
        5306.969372128637,
        5460.874425727412,
        5614.779479326186,
        5767.153139356815,
        5919.526799387442,
        6072.666156202144,
        6226.571209800919,
        6379.71056661562,
        6532.849923430322,
        6686.754977029096,
        6839.1286370597245,
        6992.267993874426,
        7145.407350689127,
        7286.295558958653,
        7452.451761102603,
        7602.5283307810105,
        7754.901990811639
    ]
}