{
    "ed": [
        41.355621407122726,
        291.1762227158897,
        541.7678752632639,
        791.5884765720309,
        1041.4090778807981,
        1292.0007304281721,
        1541.8213317369396,
        1791.6419330457065,
        2042.2335855930805,
        2292.0541869018475,
        2531.8511221087197,
        2794.0085432352034,
        3043.0580933053634,
        3292.1076433755234,
        3542.6992959228974,
        3784.809384845591,
        4043.8826010176463,
        4292.932151087805,
        4542.752752396573,
        4793.344404943947,
        5043.165006252714,
        5292.985607561481,
        5542.806208870248,
        5792.626810179015,
        6043.21846272639,
        6293.039064035156,
        6542.859665343924,
        6792.68026665269,
        7043.271919200064,
        7293.0925205088315,
        7542.913121817599,
        7792.733723126366,
        8042.554324435132,
        8293.145976982507,
        8542.966578291274
    ],
    "es": [
        153.9291022437892,
        403.7497035525564,
        654.3413560999306,
        904.1619574086976,
        1153.9825587174646,
        1404.574211264839,
        1654.394812573606,
        1904.9864651209805,
        2154.8070664297475,
        2405.3987189771215,
        2640.5693467523497,
        2905.810972833263,
        3157.1736766192444,
        3406.2232266894043,
        3656.8148792367783,
        3895.840763205043,
        4157.22713309292,
        4407.047734401687,
        4656.868335710454,
        4906.688937019221,
        5156.509538327988,
        5407.101190875363,
        5656.921792184129,
        5906.742393492897,
        6156.562994801663,
        6406.3835961104305,
        6656.9752486578045,
        6906.795849966572,
        7156.6164512753385,
        7406.437052584106,
        7655.486602654266,
        7905.3072039630315,
        8155.898856510406,
        8405.719457819174,
        8655.540059127941
    ]
}