{
    "ed": [
        30.988306967061362,
        280.72943369677523,
        531.4899119641632,
        782.2503902315511,
        1031.9915169612796,
        1283.7713467663416,
        1533.5124734960555,
        1784.2729517634434,
        2035.0334300308314,
        2283.755205222871,
        2533.496331952585,
        2782.218107144625,
        3031.9592338743532,
        3281.700360604067,
        3532.460838871455,
        3782.201965601169,
        4031.943092330883,
        4283.722922135945,
        4534.483400403333,
        4786.263230208395,
        5037.023708475783,
        5287.784186743171,
        5538.544665010559,
        5789.305143277947,
        6039.0462700076605,
        6287.7680451997,
        6537.509171929414,
        6788.269650196802,
        7039.03012846419,
        7290.809958269252,
        7540.5510849989805,
        7791.3115632663685,
        8042.072041533756,
        8289.774465188122,
        8538.496240380162,
        8791.295421722898,
        9041.036548452612,
        9291.79702672,
        9541.538153449714,
        9791.279280179428,
        10040.001055371482,
        10291.78088517653,
        10540.50266036857,
        10791.263138635957,
        11043.042968441034,
        11294.822798246081,
        11543.544573438121,
        11794.305051705509,
        12044.046178435237,
        12294.806656702625,
        12544.547783432354,
        12794.288910162053,
        13045.049388429441,
        13294.79051515917,
        13545.550993426557,
        13797.330823231605,
        14047.071949961333,
        14298.85177976638,
        14548.59290649611,
        14799.353384763497,
        15047.055808417877,
        15297.816286685265,
        15549.596116490313,
        15801.37594629536,
        16050.09772148743,
        16300.858199754817,
        16548.56062340917,
        16799.321101676556,
        17049.062228406285,
        17298.803355135984,
        17546.505778790364,
        17796.246905520093,
        18048.02673532514,
        18298.787213592528,
        18549.547691859916,
        18798.269467051956,
        19046.991242243996,
        19296.732368973724,
        19547.492847241112,
        19798.2533255085,
        20047.99445223823,
        20298.754930505616
    ],
    "es": [
        124.76864843291696,
        375.5291267003049,
        626.2896049676929,
        877.0500832350808,
        1127.8105615024688,
        1377.5516882321826,
        1627.2928149618965,
        1878.0532932292845,
        2127.794419959013,
        2377.5355466887268,
        2627.2766734184406,
        2875.9984486104804,
        3126.7589268778684,
        3375.480702069908,
        3627.26053187497,
        3877.0016586046986,
        4126.7427853344125,
        4378.5226151394745,
        4628.263741869188,
        4879.024220136576,
        5130.804049941638,
        5382.5838797467,
        5633.344358014088,
        5884.104836281476,
        6132.826611473516,
        6380.529035127882,
        6631.28951339527,
        6883.069343200332,
        7133.82982146772,
        7384.590299735108,
        7634.331426464822,
        7886.111256269884,
        8134.833031461923,
        8384.574158191652,
        8634.315284921366,
        8886.095114726428,
        9134.816889918467,
        9385.577368185855,
        9634.299143377895,
        9886.078973182957,
        10134.800748375012,
        10384.541875104711,
        10635.302353372099,
        10886.062831639487,
        11137.842661444563,
        11388.603139711951,
        11638.34426644165,
        11889.104744709039,
        12137.826519901078,
        12388.586998168466,
        12638.328124898195,
        12890.107954703242,
        13138.829729895311,
        13389.5902081627,
        13640.350686430087,
        13891.111164697475,
        14141.871642964863,
        14392.632121232251,
        14643.392599499639,
        14893.133726229338,
        15141.855501421378,
        15392.615979688766,
        15643.376457956154,
        15894.136936223542,
        16143.87806295327,
        16393.619189683,
        16643.360316412698,
        16892.082091604738,
        17141.823218334466,
        17388.506290451158,
        17637.228065643198,
        17887.988543910586,
        18138.749022177974,
        18388.490148907702,
        18638.2312756374,
        18890.011105442478,
        19138.732880634518,
        19388.474007364246,
        19639.234485631634,
        19892.03366697434,
        20141.77479370407
    ]
}