{
    "ed": [
        221.19847328244273,
        447.91603053435114,
        673.8702290076336,
        900.587786259542,
        1126.5419847328244,
        1351.7328244274809,
        1576.9236641221373,
        1802.1145038167938,
        2028.0687022900765,
        2254.022900763359,
        2480.740458015267,
        2707.4580152671756,
        2933.412213740458,
        3158.6030534351144,
        3384.557251908397,
        3609.7480916030536,
        3835.702290076336,
        4060.8931297709923,
        4286.847328244275,
        4513.564885496183,
        4739.519083969466,
        4966.236641221374,
        5191.427480916031,
        5416.618320610687
    ],
    "es": [
        83.03053435114504,
        308.98473282442745,
        535.7022900763359,
        763.1832061068702,
        989.9007633587786,
        1215.854961832061,
        1441.8091603053435,
        1666.2366412213742,
        1889.1374045801526,
        2114.328244274809,
        2341.8091603053435,
        2568.5267175572517,
        2796.007633587786,
        3022.7251908396947,
        3248.679389312977,
        3474.6335877862593,
        3698.297709923664,
        3921.961832061069,
        4147.916030534351,
        4373.8702290076335,
        4601.3511450381675,
        4828.832061068702,
        5055.5496183206105,
        5281.503816793893,
        5505.9312977099235
    ]
}