{
    "ed": [
        260.1297709923664,
        522.7251908396946,
        786.0839694656488,
        1047.9160305343512,
        1310.5114503816794,
        1573.8702290076335,
        1834.9389312977098,
        2096.7709923664124,
        2359.3664122137407,
        2622.7251908396947,
        2886.083969465649,
        3147.916030534351,
        3411.2748091603053,
        3674.6335877862593,
        3937.2290076335876,
        4199.824427480916,
        4462.419847328244,
        4726.541984732825,
        4989.900763358779,
        5252.496183206107,
        5515.854961832061
    ],
    "es": [
        93.7175572519084,
        357.0763358778626,
        621.1984732824427,
        885.3206106870228,
        1147.9160305343512,
        1410.5114503816794,
        1671.5801526717557,
        1931.8854961832062,
        2192.9541984732823,
        2457.0763358778627,
        2721.961832061069,
        2985.320610687023,
        3247.916030534351,
        3510.5114503816794,
        3772.343511450382,
        4033.412213740458,
        4296.007633587787,
        4560.1297709923665,
        4825.015267175572,
        5089.137404580153,
        5352.496183206107,
        5614.32824427481
    ]
}