{
    "ed": [
        302.29411764705884,
        617.7352941176471,
        934.6470588235294,
        1251.5588235294117,
        1568.4705882352941,
        1886.1176470588234,
        2201.5588235294117,
        2517.0,
        2833.9117647058824,
        3151.5588235294117,
        3469.205882352941
    ],
    "es": [
        107.44117647058823,
        422.88235294117646,
        738.3235294117648,
        1055.235294117647,
        1372.8823529411766,
        1690.5294117647059,
        2005.9705882352941,
        2321.4117647058824,
        2637.5882352941176,
        2955.235294117647,
        3273.6176470588234,
        3591.264705882353
    ]
}