{
    "ed": [
        123.31671777643714,
        372.1233199225171,
        622.4657652917194,
        872.0402890493606,
        1121.6148128070017,
        1371.1893365646429,
        1620.7638603222877,
        1870.3383840799288,
        2120.680829449131,
        2370.2553532067723,
        2619.8298769644134,
        2869.404400722058,
        3119.7468460912605,
        3368.5534482373405,
        3618.895893606543,
        3868.470417364184,
        4118.81286273339,
        4367.61946487947,
        4617.961910248672,
        4867.536434006313,
        5117.1109577639545,
        5366.685481521599,
        5617.027926890802,
        5866.602450648443,
        6116.176974406084,
        6365.751498163725,
        6616.093943532931,
        6865.668467290572,
        7115.242991048213,
        7432.394616623307,
        7686.576670050323,
        7934.6153505848415,
        8184.957795954044,
        8434.532319711685,
        8684.106843469326,
        8934.449288838532,
        9184.791734207734,
        9435.134179576937,
        9685.476624946143,
        9935.051148703784,
        10184.625672461425,
        10434.968117830627,
        10684.542641588272,
        10934.885086957474,
        11184.459610715116,
        11434.802056084318,
        11685.144501453524,
        11935.486946822726,
        12185.061470580367,
        12434.635994338008,
        12684.978439707214,
        12934.552963464856,
        13184.895408834058,
        13435.237854203264,
        13685.580299572466,
        13935.154823330107,
        14185.497268699313,
        14435.839714068516,
        14685.41423782616,
        14934.988761583802,
        15185.331206953,
        15435.673652322206,
        15686.016097691412,
        15935.590621449053,
        16185.933066818252,
        16435.5075905759,
        16637.470974416698,
        16883.20589011653,
        17135.084178708858,
        17385.426624078056,
        17635.001147835705,
        17885.343593204903,
        18134.918116962544,
        18384.492640720186,
        18634.067164477827,
        18884.409609847033,
        19133.984133604674,
        19384.32657897388,
        19633.90110273152,
        19883.475626489162,
        20133.050150246803,
        20383.39259561601,
        20632.96711937365,
        20882.54164313129,
        21132.884088500497,
        21382.45861225814
    ],
    "es": [
        210.09185988293757,
        460.43430525214353,
        710.0088290097847,
        960.351274378987,
        1210.693719748193,
        1460.268243505834,
        1710.6106888750364,
        1960.1852126326776,
        2209.7597363903224,
        2459.3342601479635,
        2709.676705517166,
        2959.251229274807,
        3209.593674644013,
        3459.168198401654,
        3709.5106437708564,
        3959.0851675284975,
        4209.4276128977035,
        4459.002136655345,
        4708.576660412986,
        4958.151184170627,
        5208.493629539829,
        5458.068153297474,
        5707.642677055115,
        5957.217200812756,
        6207.559646181959,
        6457.1341699396,
        6706.708693697245,
        6956.283217454886,
        7206.625662824088,
        7523.777288399182,
        7777.191420214636,
        8026.7659439722775,
        8277.10838934148,
        8527.450834710686,
        8777.793280079888,
        9028.903647060655,
        9279.246092429858,
        9528.820616187499,
        9779.163061556701,
        10028.737585314346,
        10279.080030683548,
        10529.42247605275,
        10779.764921421956,
        11030.107366791159,
        11279.6818905488,
        11530.024335918006,
        11779.598859675647,
        12029.173383433288,
        12279.51582880249,
        12529.858274171696,
        12780.200719540899,
        13030.543164910101,
        13280.117688667746,
        13529.692212425387,
        13780.03465779459,
        14029.60918155223,
        14279.951626921436,
        14530.294072290635,
        14780.636517659841,
        15030.978963029047,
        15281.321408398253,
        15530.895932155894,
        15780.470455913535,
        16030.812901282734,
        16281.15534665194,
        16531.497792021146,
        16725.01403813476,
        16966.141424165224,
        17218.019712757552,
        17469.130079738316,
        17720.24044671908,
        17971.350813699843,
        18221.69325906905,
        18472.803626049812,
        18722.37814980746,
        18972.72059517666,
        19223.063040545865,
        19472.637564303506,
        19722.980009672712,
        19973.32245504191,
        20223.664900411117,
        20473.239424168758,
        20723.581869537964,
        20973.156393295605,
        21222.730917053246
    ]
}