{
    "ed": [
        43.70238953350008,
        296.0500026424679,
        546.8589107934549,
        796.1291139864607,
        1046.1686696584566,
        1296.2082253304525,
        1546.2477810024484,
        1796.2873366744443,
        2046.3268923464402,
        2295.597095539446,
        2545.636651211442,
        2795.6762068834378,
        3045.7157625554337,
        3294.9859657484394,
        3545.0255214204353,
        3795.0650770924312,
        4045.104632764427,
        4294.374835957433,
        4544.414391629429,
        4794.453947301425,
        5044.493502973421,
        5293.763706166426,
        5543.803261838422,
        5793.842817510418,
        6043.882373182414,
        6293.152576375418,
        6543.192132047416,
        6792.46233524042,
        7042.501890912416,
        7292.5414465844115
    ],
    "es": [
        127.56180974349263,
        380.678775331452,
        632.2570359614292,
        883.0659441124162,
        1133.8748522634023,
        1383.9144079353982,
        1634.7233160863852,
        1884.7628717583812,
        2134.802427430377,
        2384.841983102374,
        2634.88153877437,
        2884.9210944463657,
        3135.7300025973527,
        3385.0002057903575,
        3635.8091139413445,
        3885.0793171343494,
        4135.118872806345,
        4385.158428478342,
        4635.197984150338,
        4885.237539822334,
        5135.27709549433,
        5385.316651166326,
        5635.356206838322,
        5884.626410031327,
        6135.4353181823135,
        6384.705521375319,
        6634.745077047315,
        6884.784632719311,
        7134.054835912317,
        7384.094391584313
    ]
}