{
    "ed": [
        47.802515546056384,
        332.24999489328184,
        620.5104431325672,
        905.7205162582104,
        1190.1679956054431,
        1476.140662509497,
        1762.1133294135434,
        2044.2730274255446,
        2324.9075378807247,
        2599.4412981086134,
        2872.449870779681,
        3146.98363100757,
        3423.0425787922795,
        3707.4900581395123,
        3989.6497561515134,
        4265.708703936223,
        4543.292839277754,
        4822.402162176113,
        5098.461109960823,
        5379.095620416003,
        5658.967537092765,
        5935.026484877482,
        6210.3228388837815,
        6488.669568003723,
        6767.016297123671,
        7046.125620022023,
        7324.4723491419645,
        7602.056484483503,
        7879.640619825033,
        8157.224755166571,
        8438.621859400155,
        8725.357120082619,
        9009.042005651441,
        9295.777266333906,
        9584.800308351601,
        9878.39891303976,
        10173.52270528474,
        10470.934278864952,
        10763.770289774708,
        11055.843706906046,
        11347.917124037383,
        11648.379072731237,
        11956.466959209203,
        12260.741876795117,
        12562.729013045799,
        12860.90318040442,
        13162.890316655103,
        13467.927828019427,
        13766.86458915646,
        14063.51356895826,
        14357.874767424837,
        14650.710778334585,
        14945.071976801155,
        15235.620206375672,
        15526.168435950189,
        15809.853321519011,
        16097.351175979886,
        16387.136811775992,
        16674.634666236867,
        16963.657708254563,
        17246.580000044967,
        17529.50229183538
    ],
    "es": [
        133.97561250647414,
        419.1856856321174,
        706.6835400929922,
        992.656206997046,
        1277.1036863442714,
        1563.8389470267357,
        1849.8116139307895,
        2132.733905721201,
        2412.6058223979635,
        2687.139582625852,
        2960.14815529692,
        3235.4445093032264,
        3512.2660508663466,
        3796.7135302135794,
        4078.8732282255733,
        4354.16958223188,
        4631.7537175734105,
        4911.62563425018,
        5187.68458203489,
        5469.081686268473,
        5749.716196723653,
        6024.249956951542,
        6299.546310957841,
        6578.6556338562,
        6857.764956754552,
        7136.111685874501,
        7415.221008772853,
        7691.279956557562,
        7969.626685677511,
        8247.210821019042,
        8528.607925252632,
        8816.105779713507,
        9099.028071503912,
        9385.000738407965,
        9674.786374204072,
        9969.147572670641,
        10264.271364915629,
        10562.44553227425,
        10853.756355627178,
        11145.829772758516,
        11439.428377446682,
        11740.652919918946,
        12048.740806396912,
        12352.253130204415,
        12654.24026645509,
        12953.17702759213,
        13256.689351399633,
        13561.72686276395,
        13860.66362390099,
        14156.55000992438,
        14451.673802169367,
        14745.272406857526,
        15038.871011545685,
        15330.944428677023,
        15619.967470694719,
        15902.88976248513,
        16191.912804502826,
        16481.698440298933,
        16769.196294759808,
        17058.219336777503,
        17338.853847232676,
        17622.5387328015
    ]
}