{
    "ed": [
        54.55521860088703,
        241.48404445350377,
        429.4287878379281,
        616.3576136905448,
        804.3023570749692,
        991.2311829275859,
        1178.1600087802026,
        1365.0888346328193,
        1552.0176604854357,
        1738.9464863380524,
        1925.8753121906693,
        2112.804138043286,
        2299.7329638959027,
        2486.6617897485194
    ],
    "es": [
        138.8763737409261,
        325.80519959354274,
        513.7499429779672,
        700.6787688305839,
        887.6075946832004,
        1075.5523380676248,
        1262.4811639202414,
        1449.4099897728581,
        1636.3388156254748,
        1823.2676414780917,
        2010.1964673307084,
        2196.109375651517,
        2383.0382015041337
    ]
}