{
    "ed": [
        178.49154847365628,
        368.468126921696,
        559.4606229015435,
        749.4372013495832,
        940.4296973294308,
        1130.4062757774705,
        1320.3828542255103,
        1511.3753502053578,
        1701.3519286533976,
        1891.3285071014375,
        2082.3210030812847,
        2272.2975815293244,
        2462.2741599773644,
        2653.2666559572117
    ],
    "es": [
        72.83612516565555,
        263.828621145503,
        453.80519959354274,
        643.7817780415826,
        834.77427402143,
        1024.7508524694697,
        1214.7274309175095,
        1405.719926897357,
        1595.6965053453969,
        1785.6730837934365,
        1976.6655797732842,
        2166.642158221324,
        2356.6187366693634,
        2547.611232649211
    ]
}