{
    "ed": [
        141.54771458073458,
        333.5561280923897,
        526.5804591358526,
        719.6047901793154,
        912.6291212227784,
        1105.6534522662412,
        1298.677783309704,
        1491.702114353167,
        1685.7423629284376,
        1878.7666939719002,
        2072.806942547171,
        2266.8471911224415,
        2461.9033572295198,
        2656.959523336598,
        2850.9997719118687,
        3047.0718555507547,
        3242.128021657833,
        3437.1841877649113,
        3633.256271403797,
        3828.3124375108755,
        4024.384521149761,
        4220.456604788647,
        4416.528688427533,
        4612.600772066419,
        4808.672855705305,
        5004.744939344191,
        5200.817022983077,
        5396.889106621963,
        5593.977107792657,
        5789.033273899735,
        5985.105357538621,
        6180.161523645699,
        6375.217689752778,
        6569.257938328048,
        6763.298186903318,
        6957.338435478589,
        7151.37868405386,
        7344.403015097322,
        7537.427346140786,
        7731.467594716056,
        7924.491925759519,
        8117.516256802981,
        8310.540587846444,
        8503.564918889908,
        8696.58924993337,
        8889.613580976833,
        9082.637912020296,
        9274.64632553195
    ],
    "es": [
        33.86045620911841,
        225.86886972077355,
        418.89320076423644,
        610.9016142758916,
        803.9259453193545,
        996.9502763628172,
        1188.9586898744726,
        1381.9830209179354,
        1576.023269493206,
        1769.0476005366686,
        1963.0878491119392,
        2156.1121801554023,
        2351.1683462624806,
        2545.208594837751,
        2740.2647609448295,
        2934.3050095200997,
        3129.361175627178,
        3325.433259266064,
        3520.4894253731422,
        3716.561509012028,
        3912.6335926509146,
        4108.7056762898,
        4304.7777599286865,
        4500.849843567572,
        4696.921927206458,
        4892.994010845344,
        5089.06609448423,
        5285.138178123116,
        5482.22617929381,
        5678.298262932696,
        5874.370346571582,
        6070.442430210468,
        6266.5145138493535,
        6462.58659748824,
        6657.642763595318,
        6851.683012170589,
        7044.707343214051,
        7238.747591789322,
        7431.771922832785,
        7624.796253876248,
        7817.820584919711,
        8010.844915963173,
        8203.869247006636,
        8396.8935780501,
        8589.917909093561,
        8782.942240137025,
        8974.95065364868,
        9167.974984692142
    ]
}