{
    "ed": [
        29.449705187790954,
        274.8432872335982,
        519.2143960208813,
        764.6079780666885,
        1008.9790868539715,
        1252.3277223827304,
        1496.6988311700134,
        1740.0474666987723,
        1983.3961022275312,
        2226.74473775629,
        2469.0709000265247,
        2710.374589038235,
        2952.7007513084695,
        3194.00444032018,
        3436.330602590415,
        3677.634291602125,
        3904.623354994497,
        4158.196723108497
    ],
    "es": [
        129.65208452316227,
        374.0231933104453,
        619.4167753562525,
        863.7878841435356,
        1108.1589929308186,
        1352.5301017181016,
        1595.8787372468605,
        1839.2273727756192,
        2082.5760083043783,
        2325.924643833137,
        2568.250806103372,
        2809.554495115082,
        3051.8806573853167,
        3293.184346397027,
        3535.5105086672615,
        3775.791724420448,
        4017.0954134321582,
        4256.354155926821
    ]
}