{
    "ed": [
        67.21834924191865,
        279.8939502887,
        492.5695513354814,
        704.2275657743835,
        916.9031668211649,
        1129.5787678679462,
        1342.2543689147276,
        1554.929969961509,
        1768.6231576161697,
        1982.3163452708304,
        2196.0095329254914,
        2411.7378937959106,
        2627.46625466633,
        2844.212202144629,
        3061.975736230807,
        3279.739270316985,
        3499.5379776189216,
        3719.3366849208583,
        3940.1529788306743,
        4160.969272740491,
        4381.7855666503065,
        4601.584273952243,
        4822.40056786206,
        5042.199275163996,
        5261.997982465933,
        5481.79668976787
    ],
    "es": [
        162.87149038257627,
        374.5295048214783,
        586.1875192603804,
        798.8631203071618,
        1010.5211347460638,
        1223.1967357928452,
        1435.8723368396265,
        1649.5655244942873,
        1862.2411255410689,
        2075.9343131957294,
        2289.6275008503903,
        2504.33827511293,
        2720.06663598335,
        2936.8125834616485,
        3154.5761175478265,
        3373.357238241884,
        3592.138358935941,
        3812.9546528457577,
        4033.7709467555733,
        4254.58724066539,
        4475.403534575205,
        4695.202241877142,
        4915.000949179079,
        5135.817243088895,
        5355.615950390832
    ]
}