{
    "ed": [
        274.21966205837174,
        562.2380952380952,
        847.952380952381,
        1133.6666666666667,
        1712.0076804915514,
        2004.6344086021506,
        2293.42089093702,
        2580.6712749615976,
        2867.9216589861753,
        3155.1720430107525,
        3442.42242703533,
        3730.440860215054,
        4017.6912442396315,
        4305.709677419355,
        4593.728110599079,
        4815.694316436252,
        4972.376344086021,
        5289.580645161291,
        5474.680491551459,
        5748.874039938556,
        6037.660522273425,
        6326.447004608295,
        6614.465437788019,
        6902.4838709677415,
        7189.73425499232,
        7478.520737327189
    ],
    "es": [
        103.71274961597541,
        397.87557603686633,
        686.6620583717358,
        973.9124423963134,
        1260.394777265745,
        1410.9324116743471,
        1837.199692780338,
        2129.0583717357913,
        2417.8448540706604,
        2705.863287250384,
        2994.6497695852536,
        3283.4362519201227,
        3569.1505376344085,
        3854.8648233486942,
        4142.115207373272,
        4430.901689708141,
        4718.920122887865,
        4909.3963133640555,
        5066.846390168971,
        5211.239631336405,
        5387.890937019969,
        5581.439324116744,
        5864.081413210445,
        6152.867895545315,
        6443.190476190476,
        6731.976958525345,
        7020.763440860215,
        7310.317972350231,
        7599.872503840245
    ]
}