{
    "ed": [
        47.431996984087164,
        297.8111086107383,
        548.1902202373894,
        797.5515305972949,
        1047.930642223946,
        1295.2563500502729,
        1545.635461676924,
        1794.9967720368004,
        2046.3936849302554,
        2294.737194023357,
        2545.116305650008,
        2795.4954172766593,
        3044.8567276365357,
        3294.218037996441,
        3544.5971496230923,
        3795.994062516518,
        4045.3553728763945,
        4294.7166832363,
        4543.060192329402,
        4791.403701422503,
        5041.782813049154,
        5293.17972594258,
        5544.576638836035,
        5792.920147929137,
        6042.281458289013,
        6292.660569915664,
        6543.0396815423155,
        6793.418793168996,
        7041.762302262097,
        7292.1414138887485,
        7544.556128048949,
        7793.917438408826,
        8044.296550035506,
        8294.675661662157,
        8544.036972022033,
        8794.416083648684,
        9044.795195275336,
        9292.120903101692,
        9541.482213461568,
        9791.861325088219,
        10042.24043671487,
        10290.583945807972,
        10540.963057434652,
        10791.342169061303,
        11041.721280687954,
        11292.100392314605,
        11541.461702674482,
        11790.823013034387,
        12039.166522127489,
        12291.58123628769,
        12540.942546647566,
        12791.321658274217,
        13040.682968634123,
        13290.044278993999,
        13540.42339062065,
        13790.802502247301,
        14041.181613873981,
        14290.542924233858,
        14538.88643332696,
        14787.229942420061,
        15034.555650246388,
        15283.916960606264,
        15532.260469699395
    ],
    "es": [
        142.0875147941697,
        392.46662642082083,
        640.8101355139224,
        892.2070484073483,
        1140.550557500479,
        1390.9296691271302,
        1640.2909794870066,
        1890.6700911136577,
        2141.049202740338,
        2388.3749105666648,
        2639.7718234600907,
        2890.150935086742,
        3139.512245446618,
        3389.8913570732984,
        3640.2704686999496,
        3891.6673815933755,
        4140.010890686477,
        4389.372201046353,
        4635.680107605935,
        4886.059219232586,
        5137.456132126012,
        5388.853045019438,
        5637.196554112539,
        5888.593467005994,
        6137.9547773658705,
        6387.316087725747,
        6639.730801885948,
        6888.074310979049,
        7136.41782007218,
        7386.796931698831,
        7637.176043325482,
        7886.5373536853585,
        8136.91646531201,
        8386.277775671915,
        8635.639086031792,
        8886.018197658443,
        9134.361706751544,
        9383.72301711142,
        9633.084327471326,
        9883.463439097977,
        10133.842550724628,
        10383.203861084505,
        10633.582972711156,
        10883.962084337836,
        11134.341195964487,
        11384.720307591138,
        11634.081617951015,
        11883.442928310891,
        12132.804238670797,
        12384.201151564223,
        12635.598064457648,
        12884.959374817525,
        13136.35628771098,
        13386.735399337631,
        13636.096709697507,
        13887.493622590933,
        14135.837131684035,
        14385.19844204394,
        14633.541951137042,
        14881.885460230144,
        15129.21116805647,
        15378.572478416347,
        15626.915987509477
    ]
}