{
    "ed": [
        245.03379416282644,
        508.47465437788014,
        771.147465437788,
        1035.3563748079878,
        1300.3333333333333,
        1565.310291858679,
        1828.7511520737328,
        2092.1920122887864,
        2354.0967741935483,
        2616.00153609831,
        2877.906298003072,
        3141.347158218126,
        3406.3241167434717,
        3668.9969278033795,
        3931.6697388632874,
        4194.342549923195,
        4457.015360983103,
        4718.920122887865,
        4981.5929339477725,
        5245.801843317972
    ],
    "es": [
        102.17665130568358,
        366.38556067588326,
        630.594470046083,
        894.0353302611367,
        1156.7081413210446,
        1420.9170506912442,
        1685.89400921659,
        1950.1029185867897,
        2213.5437788018435,
        2476.2165898617513,
        2738.1213517665133,
        3000.7941628264207,
        3262.6989247311826,
        3526.9078341013824,
        3789.5806451612902,
        4052.253456221198,
        4315.694316436252,
        4578.36712749616,
        4841.039938556068,
        5103.712749615976,
        5365.617511520737
    ]
}