{
    "ed": [
        232.91628614916226,
        512.2161339421618,
        793.03805175038,
        1073.8599695586,
        1353.9208523592079,
        1635.503805175038,
        1916.325722983258,
        2197.9086757990863,
        2478.730593607306,
        2759.5525114155244,
        3041.1354642313545,
        3321.9573820395744,
        3602.0182648401824,
        3882.079147640792,
        4162.90106544901,
        4442.96194824962,
        4723.022831050228,
        5003.083713850838,
        5283.905631659056,
        5564.727549467276,
        5847.071537290716,
        6129.415525114155,
        6410.237442922375,
        6691.059360730593,
        6972.642313546425,
        7253.464231354643,
        7535.808219178081,
        7816.630136986303,
        8098.213089802131,
        8379.79604261796,
        8660.617960426178,
        8942.20091324201,
        9224.544901065448,
        9506.12785388128,
        9786.949771689498,
        10067.771689497717,
        10347.832572298325,
        10627.893455098936,
        10909.476407914764,
        11189.537290715372,
        11470.35920852359,
        11751.181126331812,
        12032.00304414003,
        12312.063926940638,
        12592.88584474886,
        12872.946727549468,
        13153.007610350076,
        13433.829528158294,
        13713.890410958906,
        13993.190258751903,
        14274.012176560122,
        14554.83409436834,
        14834.894977168951,
        15114.194824961949,
        15394.255707762557,
        15674.316590563165,
        15955.138508371387,
        16235.960426179605,
        16516.021308980213,
        16796.84322678843,
        16972.642313546425,
        17363.053272450532,
        17647.680365296805,
        17929.263318112633,
        18210.08523592085,
        18491.668188736683,
        18771.72907153729,
        19051.7899543379,
        19333.372907153727,
        19614.19482496195,
        19894.255707762557,
        20172.794520547945,
        20362.29223744292,
        20737.482496194825,
        21020.587519025874,
        21301.409436834096,
        21581.470319634704,
        21860.7701674277
    ],
    "es": [
        42.65753424657487,
        322.71841704718463,
        605.8234398782351,
        888.9284627092838,
        1194.1035007610353,
        1474.1643835616433,
        1755.7473363774734,
        2037.3302891933035,
        2320.4353120243522,
        2602.0182648401824,
        2880.55707762557,
        3161.37899543379,
        3442.20091324201,
        3723.022831050228,
        4004.605783866058,
        4286.188736681888,
        4563.966514459666,
        4842.505327245053,
        5123.327245053273,
        5404.149162861491,
        5686.493150684932,
        5969.598173515982,
        6249.65905631659,
        6530.48097412481,
        6812.063926940638,
        7092.88584474886,
        7375.229832572299,
        7657.573820395737,
        7937.634703196349,
        8219.217656012177,
        8500.039573820395,
        8782.383561643837,
        9064.727549467276,
        9347.071537290714,
        9627.132420091326,
        9907.193302891934,
        10188.776255707762,
        10468.83713850837,
        10750.420091324202,
        11032.00304414003,
        11310.541856925418,
        11591.363774733636,
        11872.185692541858,
        12153.007610350076,
        12433.829528158294,
        12715.412480974126,
        12993.951293759514,
        13274.012176560122,
        13554.83409436834,
        13834.894977168951,
        14114.95585996956,
        14395.777777777777,
        14675.077625570775,
        14955.138508371387,
        15235.199391171995,
        15515.260273972603,
        15796.843226788431,
        16076.904109589042,
        16356.20395738204,
        16636.26484018265,
        16917.086757990866,
        17067.771689497717,
        17485.579908675798,
        17770.96803652968,
        18051.02891933029,
        18331.850837138507,
        18612.67275494673,
        18894.255707762557,
        19175.077625570775,
        19455.899543378997,
        19734.438356164384,
        20014.499238964992,
        20293.79908675799,
        20446.00608828006,
        20860.7701674277,
        21144.636225266364,
        21423.17503805175,
        21703.23592085236,
        21981.774733637747
    ]
}