{
    "ed": [
        252.93040847201212,
        519.9500756429652,
        785.4568835098336,
        1050.963691376702,
        1317.2269288956127,
        1584.2465960665659,
        1852.0226928895613,
        2119.0423600605145,
        2385.305597579425,
        2651.568835098336,
        2917.8320726172465,
        3184.8517397881997,
        3452.627836611195,
        3720.4039334341905,
        3986.6671709531015,
        4253.686838124055,
        4519.950075642965
    ],
    "es": [
        100.13161875945536,
        366.3948562783661,
        632.6580937972768,
        898.9213313161875,
        1165.9409984871406,
        1432.9606656580938,
        1699.2239031770046,
        1966.2435703479575,
        2232.5068078668683,
        2498.770045385779,
        2765.7897125567324,
        3032.809379727685,
        3299.8290468986384,
        3566.8487140695916,
        3833.111951588502,
        4100.131618759456,
        4367.907715582451,
        4634.927382753404
    ]
}