{
    "ed": [
        257.90909090909093,
        530.6363636363636,
        803.3636363636364,
        1076.090909090909,
        1348.8181818181818,
        1623.060606060606,
        1898.060606060606,
        2171.5454545454545,
        2444.2727272727275,
        2716.242424242424
    ],
    "es": [
        105.63636363636363,
        379.1212121212121,
        651.8484848484849,
        924.5757575757576,
        1197.3030303030303,
        1470.030303030303,
        1743.5151515151515,
        2018.5151515151515,
        2292.0,
        2564.7272727272725,
        2837.4545454545455
    ]
}