{
    "ed": [
        0.43465045592704854,
        335.54103343465044,
        673.6869300911854,
        1008.7933130699089,
        1343.1398176291793,
        1676.726443768997,
        2011.0729483282676,
        2349.218844984802,
        2685.0851063829787,
        3019.4316109422493,
        3353.0182370820667
    ],
    "es": [
        132.65349544072947,
        467.7598784194529,
        805.145896656535,
        1139.4924012158056,
        1474.598784194529,
        1808.1854103343464,
        2143.29179331307,
        2480.677811550152,
        2815.7841945288756,
        3150.8905775075987,
        3485.2370820668693
    ]
}