{
    "ed": [
        270.680981595092,
        557.4907975460122,
        845.8343558282209,
        1133.4110429447853,
        1419.4539877300613,
        1713.1656441717791,
        2008.4110429447853,
        2295.98773006135,
        2582.79754601227,
        2869.60736196319,
        3157.1840490797545,
        3450.128834355828,
        3746.1411042944787,
        4034.4846625766872,
        4320.527607361963,
        4606.570552147239,
        4894.914110429448,
        5187.858895705522,
        5483.871165644172,
        5772.981595092025,
        6058.257668711656,
        6344.300613496933,
        6631.877300613497,
        6924.82208588957,
        7220.834355828221,
        7509.944785276074,
        7796.754601226994,
        8084.331288343558,
        8371.907975460123,
        8663.319018404907,
        8959.331288343557,
        9248.441717791411,
        9534.484662576688,
        9819.760736196318,
        10106.57055214724,
        10398.748466257668,
        10695.527607361963,
        10986.171779141105,
        11271.447852760737,
        11556.723926380368,
        11769.914110429449,
        12131.877300613496,
        12427.122699386504,
        12720.067484662577,
        13009.177914110429,
        13295.98773006135,
        13582.79754601227
    ],
    "es": [
        96.60122699386503,
        392.6134969325153,
        680.1901840490798,
        967.7668711656441,
        1255.3435582822085,
        1541.3865030674847,
        1835.0981595092026,
        2130.3435582822085,
        2417.920245398773,
        2704.730061349693,
        2991.5398773006136,
        3278.3496932515336,
        3571.294478527607,
        3868.0736196319017,
        4156.417177914111,
        4442.460122699386,
        4728.503067484663,
        5016.079754601227,
        5309.0245398773,
        5605.803680981595,
        5894.147239263803,
        6180.19018404908,
        6466.233128834356,
        6753.042944785276,
        7045.98773006135,
        7342.0,
        7631.110429447853,
        7918.687116564417,
        8206.263803680982,
        8493.073619631901,
        8784.484662576688,
        9080.496932515338,
        9369.60736196319,
        9655.650306748466,
        9941.693251533743,
        10227.736196319018,
        10519.147239263804,
        10816.693251533743,
        11106.57055214724,
        11391.846625766872,
        11677.889570552148,
        11884.177914110429,
        12252.276073619632,
        12548.288343558283,
        12841.233128834356,
        13130.34355828221,
        13417.920245398773,
        13703.96319018405
    ]
}