{
    "ed": [
        157.13021912515228,
        437.6079492660522,
        718.0856794069521,
        997.7384750474375,
        1277.391270687923,
        1555.3941973275798,
        1832.572189466822,
        2109.7501816060644,
        2386.103239244892,
        2655.8568208804045
    ],
    "es": [
        260.2470316769537,
        540.7247618178536,
        820.3775574583391,
        1100.0303530988247,
        1378.8582142388957,
        1656.8611408785523,
        1934.0391330177945,
        2211.2171251570367,
        2487.5701827958646
    ]
}