{
    "ed": [
        204.75634919714207,
        571.1070421894574,
        937.4577351817725,
        1303.8084281740878,
        1670.159121166403,
        2036.5098141587182,
        2402.037247166781,
        2768.387940159096,
        3134.7386331514117,
        3501.089326143727,
        3868.263279120294,
        4236.2604920811145
    ],
    "es": [
        311.78014714995334,
        678.1308401422687,
        1043.6582731503313,
        1410.832226126899,
        1777.1829191192141,
        2143.5336121115292,
        2509.061045119592,
        2875.4117381119077,
        3241.7624311042227,
        3608.9363840807905,
        3975.287077073106,
        4343.284290033926
    ]
}