{
    "ed": [
        134.53104977807016,
        427.38279742518614,
        721.884414073131,
        1015.5610962206615,
        1310.0627128686065,
        1604.5643295165514,
        1899.8908806649106,
        2195.21743181327,
        2491.3689174620436,
        2787.5204031108174,
        3083.671888759591,
        3381.473243409194,
        3679.274598058796,
        3973.7762147067415,
        4269.927700355515,
        4564.42931700346,
        4842.432243643117,
        5154.257484799764,
        5452.883773949781,
        5750.6851285993835,
        6050.136352249815,
        6349.5875759002465,
        6649.038799550677,
        6949.314957701524,
        7249.5911158523695
    ],
    "es": [
        237.6478623298715,
        531.324544477402,
        825.0012266249325,
        1119.5028432728775,
        1413.1795254204078,
        1707.681142068353,
        2003.0076932167121,
        2299.159178865486,
        2596.135599014674,
        2896.4117571655197,
        3196.6879153163654,
        3493.6643354655534,
        3794.7654281168143,
        4100.81612777056,
        4399.442416920578,
        4688.169492065622,
        4955.44827019989,
        5262.323904354052,
        5553.525783000339,
        5849.677268649113,
        6147.478623298715,
        6446.929846949147,
        6746.381070599578,
        7046.657228750424,
        7347.758321401684
    ]
}