{
    "ed": [
        89.97217928902629,
        268.4884080370943,
        447.7774343122102,
        627.0664605873261,
        806.355486862442,
        985.6445131375579,
        1164.9335394126738,
        1344.2225656877897,
        1523.5115919629056,
        1703.5734157650695,
        1882.0896445131375,
        2061.3786707882537,
        2240.6676970633694,
        2419.9567233384855,
        2599.245749613601,
        2778.5347758887174,
        2957.823802163833,
        3137.112828438949,
        3317.1746522411127,
        3495.6908809891806,
        3674.979907264297,
        3854.2689335394125,
        4033.5579598145287,
        4212.846986089645,
        4392.13601236476,
        4571.425038639876
    ],
    "es": [
        15.783616692426591,
        195.0726429675425,
        374.3616692426584,
        554.4234930448223,
        733.7125193199382,
        913.001545595054,
        1092.29057187017,
        1270.806800618238,
        1450.095826893354,
        1628.6120556414219,
        1807.9010819165378,
        1987.9629057187017,
        2167.251931993818,
        2346.5409582689335,
        2525.8299845440492,
        2705.891808346213,
        2884.408037094281,
        3064.469860896445,
        3242.986089644513,
        3421.502318392581,
        3601.564142194745,
        3780.853168469861,
        3960.1421947449767,
        4140.204018547141,
        4319.493044822257,
        4498.782071097373
    ]
}