{
    "ed": [
        125.5521472392638,
        305.76687116564415,
        485.9815950920246,
        666.1963190184049,
        846.4110429447853,
        1027.3926380368098,
        1207.6073619631902,
        1388.5889570552147,
        1569.5705521472394,
        1749.7852760736196,
        1930.0,
        2110.2147239263804,
        2290.429447852761,
        2471.411042944785,
        2651.6257668711655,
        2832.60736196319,
        3012.8220858895706
    ],
    "es": [
        48.86503067484662,
        229.07975460122697,
        410.06134969325154,
        591.0429447852761,
        771.2576687116565,
        952.239263803681,
        1132.4539877300613,
        1313.435582822086,
        1493.6503067484662,
        1673.0981595092026,
        1853.3128834355828,
        2034.2944785276072,
        2215.276073619632,
        2396.2576687116566,
        2577.239263803681,
        2757.4539877300613,
        2937.6687116564417,
        3118.6503067484664
    ]
}